line,name,tail_family,group_family,layer_index,score_E,rho,cum_c_len,coverage_c_r16,coverage_energy_r16,tail_c_r16,weighted_tail_r16,coverage_c_r32,coverage_energy_r32,tail_c_r32,weighted_tail_r32,coverage_c_r48,coverage_energy_r48,tail_c_r48,weighted_tail_r48,coverage_c_r64,coverage_energy_r64,tail_c_r64,weighted_tail_r64,coverage_c_r96,coverage_energy_r96,tail_c_r96,weighted_tail_r96,coverage_c_r128,coverage_energy_r128,tail_c_r128,weighted_tail_r128,deferred
55,language_model.model.layers.0.attention.wqkv,wqkv,attn_in,0,0.0022011306961484144,0.17087150544674237,4095,0.5904056429862976,0.2729471027851105,0.4095943570137024,0.000901570712192033,0.6928519606590271,0.34960120916366577,0.3071480393409729,0.0006760729776552162,0.7489319443702698,0.4025368392467499,0.2510680556297302,0.000552633604068897,0.7826308608055115,0.4451718032360077,0.21736913919448853,0.0004784578846763461,0.8264699578285217,0.5125837326049805,0.17353004217147827,0.0003819623025275697,0.8549713492393494,0.5657511949539185,0.14502865076065063,0.0003192270150102562,
55,language_model.model.layers.0.feed_forward.w1,w1,mlp_in,0,0.0985288731731875,0.1251033354304772,4095,0.01115132961422205,0.011179297231137753,0.988848670385778,0.0974301452319154,0.020515233278274536,0.020465508103370667,0.9794847667217255,0.09650753035539403,0.030625564977526665,0.02951788902282715,0.9693744350224733,0.09551137076565956,0.039606135338544846,0.03841819241642952,0.9603938646614552,0.09462652528753591,0.057193152606487274,0.05582667142152786,0.9428068473935127,0.09289369629364816,0.07419198006391525,0.07278282940387726,0.9258080199360847,0.09121882097900233,
55,language_model.model.layers.0.feed_forward.w2,w2,mlp_out,0,0.09859691358258091,0.13297246195124704,4096,0.019795943051576614,0.012680472806096077,0.9802040569484234,0.09664509469623891,0.03014650009572506,0.022534791380167007,0.9698534999042749,0.09562456171782543,0.040708184242248535,0.03194953501224518,0.9592918157577515,0.09458321225874415,0.050287824124097824,0.041059136390686035,0.9497121758759022,0.0936386893331612,0.0679916962981224,0.05867486074566841,0.9320083037018776,0.09189314217834185,0.08500976115465164,0.07572232186794281,0.9149902388453484,0.09021521350833987,
55,language_model.model.layers.0.feed_forward.w3,w3,mlp_in,0,0.12819475844293046,0.1251033354304772,4095,0.009561467915773392,0.009230928495526314,0.9904385320842266,0.12696902837310806,0.018647978082299232,0.018271619454026222,0.9813520219177008,0.12580418539722105,0.02730519138276577,0.027164462953805923,0.9726948086172342,0.12469437602937881,0.03657158091664314,0.03594221547245979,0.9634284190833569,0.1235064734614453,0.05349225923418999,0.05317156761884689,0.94650774076581,0.12133733119183686,0.07018617540597916,0.07001198083162308,0.9298138245940208,0.11919725864072782,
55,language_model.model.layers.1.attention.wqkv,wqkv,attn_in,1,0.006235140167099287,0.17087150544674237,4095,0.2219250649213791,0.056933436542749405,0.7780749350786209,0.004851406280721879,0.2969374358654022,0.09265299141407013,0.7030625641345978,0.004383693633619449,0.34549713134765625,0.12371370941400528,0.6545028686523438,0.004080917125815937,0.3838009238243103,0.1517053097486496,0.6161990761756897,0.003842087610792516,0.446159303188324,0.20172059535980225,0.553840696811676,0.003453274374864739,0.49679240584373474,0.24560321867465973,0.5032075941562653,0.003137569882713126,
55,language_model.model.layers.1.feed_forward.w1,w1,mlp_in,1,0.11751770209143741,0.1251033354304772,4095,0.015270836651325226,0.013576303608715534,0.9847291633486748,0.11572310845915998,0.02471991814672947,0.022605059668421745,0.9752800818532705,0.11461267411494534,0.033629175275564194,0.031458962708711624,0.9663708247244358,0.11356567868982292,0.042810678482055664,0.04017092287540436,0.9571893215179443,0.11248668953125089,0.05972998961806297,0.05723883584141731,0.940270010381937,0.11049837096557724,0.07717832922935486,0.07390514761209488,0.9228216707706451,0.10844788218914721,
55,language_model.model.layers.1.feed_forward.w2,w2,mlp_out,1,0.12599663665969454,0.13297246195124704,4096,0.018516896292567253,0.012342484667897224,0.9814831037074327,0.1236635700054547,0.027983734384179115,0.02158067747950554,0.9720162656158209,0.12247078024610973,0.03713347017765045,0.03058294765651226,0.9628665298223495,0.12131794430980752,0.04613078385591507,0.03941789269447327,0.9538692161440849,0.12018431304737391,0.06356216967105865,0.056692324578762054,0.9364378303289413,0.11798801706234831,0.08070221543312073,0.07352789491415024,0.9192977845668793,0.11582842894413524,
55,language_model.model.layers.1.feed_forward.w3,w3,mlp_in,1,0.15667247457874042,0.1251033354304772,4095,0.008688291534781456,0.009234679862856865,0.9913117084652185,0.1553112584441247,0.017929941415786743,0.018278470262885094,0.9820700585842133,0.15386334628807727,0.02764696441590786,0.027178682386875153,0.9723530355840921,0.15234095624910976,0.036854349076747894,0.035955097526311874,0.9631456509232521,0.1508984125098976,0.0531453862786293,0.05318644270300865,0.9468546137213707,0.14834605539802453,0.07010533660650253,0.0700223445892334,0.9298946633934975,0.14568889801142412,
55,language_model.model.layers.10.attention.wqkv,wqkv,attn_in,10,0.040126759030248864,0.17087150544674237,4095,0.050067219883203506,0.01753374934196472,0.9499327801167965,0.03811772376268107,0.07062588632106781,0.03324716538190842,0.9293741136789322,0.037292771108545626,0.08794718235731125,0.04830807074904442,0.9120528176426888,0.03659772363640768,0.10398261994123459,0.06286463886499405,0.8960173800587654,0.03595427349653299,0.13402247428894043,0.09073974192142487,0.8659775257110596,0.034748871499818826,0.16251829266548157,0.11731813848018646,0.8374817073345184,0.03360542666245362,
55,language_model.model.layers.10.feed_forward.w1,w1,mlp_in,10,0.07844761525435703,0.1251033354304772,4095,0.01379926037043333,0.010282075963914394,0.9862007396295667,0.07736509618602258,0.025239789858460426,0.01978592574596405,0.9747602101415396,0.0764676139304397,0.0354638434946537,0.02904786355793476,0.9645361565053463,0.07566556130444771,0.04536745697259903,0.038127195090055466,0.954632543027401,0.07488864644470199,0.06486454606056213,0.055874165147542953,0.9351354539394379,0.07335914630134953,0.08268336206674576,0.07313229888677597,0.9173166379332542,0.07196130267900826,
55,language_model.model.layers.10.feed_forward.w3,w3,mlp_in,10,0.15535475933438567,0.1251033354304772,4095,0.009290322661399841,0.009238709695637226,0.9907096773386002,0.1539114634931851,0.018292175605893135,0.01828351989388466,0.9817078243941069,0.15251298279542982,0.026391614228487015,0.027183260768651962,0.973608385771513,0.1512546964574731,0.035892002284526825,0.03595497086644173,0.9641079977154732,0.14977876595744377,0.053103286772966385,0.05317443236708641,0.9468967132270336,0.1471049109979066,0.06917279213666916,0.06999783217906952,0.9308272078633308,0.14460843685950595,
55,language_model.model.layers.11.attention.wqkv,wqkv,attn_in,11,0.054198366638059395,0.17087150544674237,4095,0.05842174217104912,0.021932292729616165,0.9415782578289509,0.0510320036362387,0.08135268837213516,0.04044998437166214,0.9186473116278648,0.049789183806674624,0.10246601700782776,0.05785490944981575,0.8975339829921722,0.048644875880327516,0.12081695348024368,0.07435417175292969,0.8791830465197563,0.04765028509724378,0.15654544532299042,0.10528606921434402,0.8434545546770096,0.04571385919692568,0.1859900802373886,0.1341909021139145,0.8140099197626114,0.04411800807831132,
55,language_model.model.layers.11.feed_forward.w1,w1,mlp_in,11,0.07754489737480891,0.1251033354304772,4095,0.01233673095703125,0.010936003178358078,0.9876632690429688,0.07658824683880529,0.02483517676591873,0.020623184740543365,0.9751648232340813,0.0756190561412105,0.03498254343867302,0.03002668172121048,0.965017456561327,0.07483217963394721,0.04613767936825752,0.039240624755620956,0.9538623206317425,0.07396715576308555,0.06578323245048523,0.057205405086278915,0.9342167675495148,0.07244374336545283,0.08440432697534561,0.07463982701301575,0.9155956730246544,0.07099977250151591,
55,language_model.model.layers.11.feed_forward.w3,w3,mlp_in,11,0.14843292997676644,0.1251033354304772,4095,0.008887332864105701,0.009233676828444004,0.9911126671358943,0.1471137571200684,0.017648659646511078,0.01825786381959915,0.9823513403534889,0.14581328771527208,0.02674339897930622,0.02714751660823822,0.9732566010206938,0.14446332890873034,0.03516214340925217,0.03591484948992729,0.9648378565907478,0.1432137100062679,0.052537329494953156,0.05311966687440872,0.9474626705050468,0.14063466022667576,0.06970962136983871,0.06993452459573746,0.9302903786301613,0.13808572662927027,
55,language_model.model.layers.12.attention.wqkv,wqkv,attn_in,12,0.05480592460559716,0.17087150544674237,4095,0.035248368978500366,0.02398693934082985,0.9647516310214996,0.0528741051528912,0.06771842390298843,0.04399638995528221,0.9322815760970116,0.05109455377076011,0.09070499986410141,0.06174631044268608,0.9092950001358986,0.04983475322169452,0.11082985252141953,0.07815801352262497,0.8891701474785805,0.04873179206425879,0.1467575877904892,0.10855259746313095,0.8532424122095108,0.0467627393138523,0.17928412556648254,0.13681960105895996,0.8207158744335175,0.044980092336820106,
55,language_model.model.layers.12.feed_forward.w1,w1,mlp_in,12,0.0730605582334776,0.1251033354304772,4095,0.0175810344517231,0.010386734269559383,0.9824189655482769,0.07177607804211271,0.028225455433130264,0.020036784932017326,0.9717745445668697,0.07099839070313896,0.03805874288082123,0.0294533371925354,0.9619412571191788,0.0702799652329404,0.04836432263255119,0.038682322949171066,0.9516356773674488,0.0695270338233594,0.06702566891908646,0.05667857080698013,0.9329743310809135,0.0681636254462769,0.08541889488697052,0.07415523380041122,0.9145811051130295,0.06681980608934879,
55,language_model.model.layers.12.feed_forward.w3,w3,mlp_in,12,0.14783198540090237,0.1251033354304772,4095,0.009230213239789009,0.009210593067109585,0.990769786760211,0.14646746465199065,0.018351256847381592,0.018231524154543877,0.9816487431526184,0.14511908266655205,0.02710811235010624,0.027109289541840553,0.9728918876498938,0.14382453933171543,0.0359305813908577,0.03585231304168701,0.9640694186091423,0.14252029621728315,0.05311223119497299,0.053018923848867416,0.946887768805027,0.13998029881427776,0.0697064995765686,0.06979597359895706,0.9302935004234314,0.13752713517315107,
55,language_model.model.layers.13.attention.wqkv,wqkv,attn_in,13,0.045716324919830485,0.17087150544674237,4095,0.04708419367671013,0.017392108216881752,0.9529158063232899,0.043563808623117775,0.06703931093215942,0.03294176235795021,0.9329606890678406,0.04265153399885434,0.0865388736128807,0.04781821742653847,0.9134611263871193,0.04176008565554789,0.10221957415342331,0.0621490553021431,0.8977804258465767,0.04104322165466588,0.13349737226963043,0.08960171788930893,0.8665026277303696,0.03961331567320849,0.16048288345336914,0.11567206680774689,0.8395171165466309,0.03837963727580498,
55,language_model.model.layers.13.feed_forward.w1,w1,mlp_in,13,0.07538346967486034,0.1251033354304772,4095,0.01582198403775692,0.010846318677067757,0.9841780159622431,0.07419075362095397,0.027536669746041298,0.02044425532221794,0.9724633302539587,0.07330765996611299,0.038567233830690384,0.02980431728065014,0.9614327661693096,0.07247613777294125,0.048263777047395706,0.038982030004262924,0.9517362229526043,0.07174517870141377,0.0671604797244072,0.05688063055276871,0.9328395202755928,0.07032067968820642,0.08502034097909927,0.07427745312452316,0.9149796590209007,0.06897434137891613,
55,language_model.model.layers.13.feed_forward.w3,w3,mlp_in,13,0.14967584388412114,0.1251033354304772,4095,0.009618752636015415,0.009240962564945221,0.9903812473639846,0.14823614896621293,0.019210735335946083,0.0182871762663126,0.9807892646640539,0.1468004608610789,0.028059756383299828,0.027192724868655205,0.9719402436167002,0.14547597616826788,0.03660496696829796,0.03597462922334671,0.963395033031702,0.14419696456279077,0.05333612859249115,0.05320926010608673,0.9466638714075089,0.14169271382752802,0.07092709839344025,0.07004848122596741,0.9290729016065598,0.13905977057783087,
55,language_model.model.layers.14.attention.wqkv,wqkv,attn_in,14,0.05107723271231741,0.17087150544674237,4095,0.051563773304224014,0.01903313584625721,0.948436226695776,0.04844349786373238,0.0734967440366745,0.03569059818983078,0.9265032559633255,0.047323222413558554,0.09134763479232788,0.051563236862421036,0.9086523652076721,0.046411448312309894,0.10907549411058426,0.06682388484477997,0.8909245058894157,0.04550595831642009,0.14094355702400208,0.09584441781044006,0.8590564429759979,0.043878225850900676,0.17050500214099884,0.12327788025140762,0.8294949978590012,0.04236830903934743,
55,language_model.model.layers.14.feed_forward.w1,w1,mlp_in,14,0.06750813168952152,0.1251033354304772,4095,0.020902980118989944,0.012303436174988747,0.9790970198810101,0.0660970105549453,0.03439425677061081,0.022634567692875862,0.9656057432293892,0.0651862396740879,0.04560898616909981,0.03240346908569336,0.9543910138309002,0.06442915424499236,0.05660223960876465,0.04188527166843414,0.9433977603912354,0.06368702024409119,0.0765729546546936,0.06024283915758133,0.9234270453453064,0.062338834582836705,0.09565149247646332,0.07796584814786911,0.9043485075235367,0.06105087813912116,
55,language_model.model.layers.14.feed_forward.w3,w3,mlp_in,14,0.1451350107210478,0.1251033354304772,4095,0.009260962717235088,0.009385032579302788,0.9907390372827649,0.14379092079779468,0.018368195742368698,0.018490880727767944,0.9816318042576313,0.14246914243505282,0.027036674320697784,0.02744768001139164,0.9729633256793022,0.14121104270365187,0.03607835993170738,0.036268267780542374,0.9639216400682926,0.13989877756556163,0.05401540547609329,0.05357871204614639,0.9459845945239067,0.13729548426817326,0.07138969004154205,0.07049284130334854,0.928610309958458,0.13477386729149632,
55,language_model.model.layers.15.attention.wqkv,wqkv,attn_in,15,0.06331012639697164,0.17087150544674237,4095,0.039660949259996414,0.01905408501625061,0.9603390507400036,0.06079918668629739,0.06036815047264099,0.03531936556100845,0.939631849527359,0.05948821116019734,0.08065913617610931,0.05080548673868179,0.9193408638238907,0.058203586290591615,0.09849566221237183,0.06571606546640396,0.9015043377876282,0.05707435357275296,0.13171201944351196,0.09407252073287964,0.868287980556488,0.05497142179800252,0.16019275784492493,0.12096662819385529,0.8398072421550751,0.05316830264992998,
55,language_model.model.layers.15.feed_forward.w1,w1,mlp_in,15,0.0631054721954986,0.1251033354304772,4095,0.027433745563030243,0.012005663476884365,0.9725662544369698,0.06137425272765241,0.03915756195783615,0.02255081571638584,0.9608424380421638,0.06063441575812486,0.05054226890206337,0.032590314745903015,0.9494577310979366,0.05991597845060202,0.05994647741317749,0.04228627681732178,0.9400535225868225,0.05932252143188324,0.07943986356258392,0.060970600694417953,0.9205601364374161,0.058092382094235756,0.098846934735775,0.07892890274524689,0.901153065264225,0.05686768970391989,
55,language_model.model.layers.15.feed_forward.w3,w3,mlp_in,15,0.14550534634029616,0.1251033354304772,4095,0.009851176291704178,0.009305612184107304,0.9901488237082958,0.14407194752211244,0.018669337034225464,0.018403727561235428,0.9813306629657745,0.14278885798918747,0.028104808181524277,0.027361072599887848,0.9718951918184757,0.1414159464920159,0.03725910559296608,0.0361844003200531,0.9627408944070339,0.14008394727666196,0.05493716523051262,0.05348971486091614,0.9450628347694874,0.13751169508647634,0.07179313153028488,0.07041072845458984,0.9282068684697151,0.13505906187212763,
55,language_model.model.layers.16.attention.wqkv,wqkv,attn_in,16,0.05813406596334592,0.17087150544674237,4095,0.04291732609272003,0.017481345683336258,0.95708267390728,0.05563910729730131,0.0633382648229599,0.03282235935330391,0.9366617351770401,0.0544519550981241,0.07945393770933151,0.047516413033008575,0.9205460622906685,0.053515085507504064,0.09616704285144806,0.06174863874912262,0.9038329571485519,0.052543484750719925,0.12527751922607422,0.08907252550125122,0.8747224807739258,0.050851174396932985,0.15341371297836304,0.11507867276668549,0.846586287021637,0.04921550305337995,
55,language_model.model.layers.16.feed_forward.w1,w1,mlp_in,16,0.05706632166223198,0.1251033354304772,4095,0.024517778307199478,0.012220739386975765,0.9754822216928005,0.05566718223891004,0.039463285356760025,0.02329433336853981,0.96053671464324,0.05481429712621466,0.05243397131562233,0.03374281898140907,0.9475660286843777,0.05407410778910643,0.06362013518810272,0.04374322295188904,0.9363798648118973,0.05343575456339303,0.08529932051897049,0.06285297870635986,0.9147006794810295,0.052198603199926585,0.10546674579381943,0.0810910165309906,0.8945332542061806,0.05104772242209303,
55,language_model.model.layers.16.feed_forward.w2,w2,mlp_out,16,0.1361680833489238,0.13297246195124704,4096,0.017963185906410217,0.011975799687206745,0.9820368140935898,0.13372207075320752,0.02680409699678421,0.02089700475335121,0.9731959030032158,0.13251822083497306,0.03595169261097908,0.029669178649783134,0.9640483073890209,0.1312726102729371,0.04475544020533562,0.03833286464214325,0.9552445597946644,0.1300738208367259,0.061163268983364105,0.05533674731850624,0.9388367310166359,0.12783959824010444,0.0779527947306633,0.07196584343910217,0.9220472052693367,0.12555340069875728,
55,language_model.model.layers.16.feed_forward.w3,w3,mlp_in,16,0.1470734181493621,0.1251033354304772,4095,0.00918482430279255,0.0093131298199296,0.9908151756972075,0.14572257464404906,0.0194581039249897,0.018430452793836594,0.9805418960750103,0.14421164829440833,0.028674166649580002,0.027396172285079956,0.97132583335042,0.14285621044762392,0.03727472573518753,0.0362296961247921,0.9627252742648125,0.14159129682490806,0.05482729524374008,0.053563352674245834,0.9451727047562599,0.13900978042998097,0.07167868316173553,0.07050073891878128,0.9283213168382645,0.13653138920832053,
55,language_model.model.layers.17.attention.wqkv,wqkv,attn_in,17,0.04572139529280972,0.17087150544674237,4095,0.02462356723845005,0.016199693083763123,0.97537643276155,0.044595571441581466,0.04239857941865921,0.030876893550157547,0.9576014205813408,0.043782873083355614,0.061233069747686386,0.044938184320926666,0.9387669302523136,0.04292173390588356,0.0769403949379921,0.05855164676904678,0.9230596050620079,0.042203573081864884,0.10901845246553421,0.08471040427684784,0.8909815475344658,0.04073691953342264,0.13612861931324005,0.10969468951225281,0.86387138068676,0.039497404878524656,
55,language_model.model.layers.17.feed_forward.w1,w1,mlp_in,17,0.058928192029555064,0.1251033354304772,4095,0.014184295199811459,0.011433137580752373,0.9858157048001885,0.05809233715821668,0.026274343952536583,0.022166455164551735,0.9737256560474634,0.05737989244366941,0.0373474545776844,0.0324469730257988,0.9626525454223156,0.056727374054386194,0.048309605568647385,0.04237531125545502,0.9516903944313526,0.05608139431573375,0.0689036101102829,0.06139996647834778,0.9310963898897171,0.05486782686144672,0.08893275260925293,0.07959835976362228,0.9110672473907471,0.05368754570608009,
55,language_model.model.layers.17.feed_forward.w3,w3,mlp_in,17,0.14784195425333893,0.1251033354304772,4095,0.009676963090896606,0.009309643879532814,0.9903230369091034,0.14641129311874335,0.01891685090959072,0.018412752076983452,0.9810831490904093,0.14504525004654598,0.0283370278775692,0.027370374649763107,0.9716629721224308,0.14365255267418775,0.037102069705724716,0.036198921501636505,0.9628979302942753,0.142356711761201,0.05523774027824402,0.05353701114654541,0.944762259721756,0.13967549878206495,0.07274514436721802,0.07047662138938904,0.927254855632782,0.13708716994764814,
55,language_model.model.layers.18.attention.wqkv,wqkv,attn_in,18,0.05923040599016683,0.17087150544674237,4095,0.027448948472738266,0.017822036519646645,0.9725510515272617,0.057604593628123375,0.05003117024898529,0.033976342529058456,0.9499688297510147,0.056267039464156274,0.07136080414056778,0.04931681975722313,0.9286391958594322,0.05500367658913622,0.08922304958105087,0.06410124897956848,0.9107769504189491,0.053945688539800404,0.12132616341114044,0.09228163212537766,0.8786738365888596,0.052044208074095655,0.1521172821521759,0.11901263892650604,0.8478827178478241,0.05022043761017269,
55,language_model.model.layers.18.feed_forward.w1,w1,mlp_in,18,0.0531062512385225,0.1251033354304772,4095,0.016306079924106598,0.011090194806456566,0.9836939200758934,0.052240296461357465,0.030823852866888046,0.021596625447273254,0.969176147133112,0.051469311964034294,0.04300646856427193,0.03175690025091171,0.9569935314357281,0.05082233891406666,0.053847894072532654,0.04163859412074089,0.9461521059274673,0.05024659144724124,0.07337348908185959,0.060731351375579834,0.9266265109181404,0.04920966029309428,0.09420415759086609,0.07909318804740906,0.9057958424091339,0.0481034215777886,
55,language_model.model.layers.18.feed_forward.w3,w3,mlp_in,18,0.14167438811995003,0.1251033354304772,4095,0.00919569842517376,0.009351016953587532,0.9908043015748262,0.14037159317222794,0.017969612032175064,0.018503637984395027,0.9820303879678249,0.13912855433053875,0.027272025123238564,0.027514861896634102,0.9727279748767614,0.1378106406478233,0.036819636821746826,0.03639888018369675,0.9631803631782532,0.13645798860243027,0.05547327175736427,0.053832150995731354,0.9445267282426357,0.13381524628671373,0.07228770107030869,0.07086668908596039,0.9277122989296913,0.13143307230221618,
55,language_model.model.layers.19.attention.wqkv,wqkv,attn_in,19,0.06214154953149056,0.17087150544674237,4095,0.030392007902264595,0.015962593257427216,0.9696079920977354,0.060252943067070526,0.04886341840028763,0.030375119298696518,0.9511365815997124,0.05910510099669113,0.06645563244819641,0.044243715703487396,0.9335443675518036,0.058011893556064426,0.08296128362417221,0.05771217495203018,0.9170387163758278,0.056986206815963024,0.11214305460453033,0.08367110043764114,0.8878569453954697,0.05517280634917048,0.13882800936698914,0.10850483179092407,0.8611719906330109,0.05351456191105357,
55,language_model.model.layers.19.feed_forward.w1,w1,mlp_in,19,0.05093417372229565,0.1251033354304772,4095,0.016169069334864616,0.011772679165005684,0.9838309306651354,0.050110615535865814,0.028994066640734673,0.021873341873288155,0.9710059333592653,0.04945738489510065,0.04000584036111832,0.031683772802352905,0.9599941596388817,0.04889650929943602,0.04980773478746414,0.04126349091529846,0.9501922652125359,0.048397257905916924,0.07150561362504959,0.05983959883451462,0.9284943863749504,0.047292094375798024,0.08979032933712006,0.07779441028833389,0.9102096706628799,0.04636077748925664,
55,language_model.model.layers.19.feed_forward.w2,w2,mlp_out,19,0.13489460812835705,0.13297246195124704,4096,0.013034633360803127,0.010753273963928223,0.9869653666391969,0.13313630636905469,0.022028574720025063,0.019674183800816536,0.9779714252799749,0.13192307217387303,0.030851587653160095,0.028440654277801514,0.9691484123468399,0.13073289530174637,0.039651062339544296,0.037092387676239014,0.9603489376604557,0.12954589361219115,0.05694353207945824,0.054080527275800705,0.9430564679205418,0.127213232683054,0.07359728217124939,0.07069520652294159,0.9264027178287506,0.12496673159055424,
55,language_model.model.layers.19.feed_forward.w3,w3,mlp_in,19,0.07736844747701185,0.1251033354304772,4095,0.06260444968938828,0.061960894614458084,0.9373955503106117,0.07252483839939118,0.07105876505374908,0.07061862200498581,0.9289412349462509,0.07187074114516954,0.07999108731746674,0.07913297414779663,0.9200089126825333,0.07117966123926137,0.08950252085924149,0.0875263661146164,0.9104974791407585,0.07044377639285347,0.10662025213241577,0.10398368537425995,0.8933797478675842,0.06911940409991928,0.1232847273349762,0.12007450312376022,0.8767152726650238,0.06783009952547803,
55,language_model.model.layers.2.attention.wqkv,wqkv,attn_in,2,0.029716913710128787,0.17087150544674237,4095,0.058610159903764725,0.025397172197699547,0.9413898400962353,0.027975200645731762,0.08695127069950104,0.044338323175907135,0.913048729300499,0.027132990301765664,0.11007312685251236,0.061831917613744736,0.8899268731474876,0.026445880097648616,0.13463455438613892,0.07841134071350098,0.8653654456138611,0.025715990275034257,0.17225530743598938,0.10972510278224945,0.8277446925640106,0.024598017602941783,0.20494161546230316,0.13908952474594116,0.7950583845376968,0.023626681407821128,
55,language_model.model.layers.2.feed_forward.w1,w1,mlp_in,2,0.1372258487959235,0.1251033354304772,4095,0.00948597863316536,0.009800557047128677,0.9905140213668346,0.1359241273263274,0.01880371756851673,0.018857834860682487,0.9811962824314833,0.13464549269206497,0.028154656291007996,0.02773718722164631,0.971845343708992,0.13336230218883244,0.037061721086502075,0.03648553043603897,0.9629382789134979,0.13214002266199049,0.053853485733270645,0.05362505838274956,0.9461465142667294,0.1298357585055563,0.06982316076755524,0.07036120444536209,0.9301768392324448,0.12764430629398152,
55,language_model.model.layers.2.feed_forward.w2,w2,mlp_out,2,0.13232384945939574,0.13297246195124704,4096,0.020279403775930405,0.01293389592319727,0.9797205962240696,0.12964040068702323,0.031102551147341728,0.02284594252705574,0.9688974488526583,0.12820824016357174,0.04118628799915314,0.03242748603224754,0.9588137120008469,0.12687392128640448,0.050634246319532394,0.04174649342894554,0.9493657536804676,0.12562373107191996,0.06874921917915344,0.059792112559080124,0.9312507808208466,0.12322668813028244,0.08616936951875687,0.07717012614011765,0.9138306304812431,0.12092158677918471,
55,language_model.model.layers.20.attention.wqkv,wqkv,attn_in,20,0.06529981392856142,0.17087150544674237,4095,0.025244250893592834,0.014868452213704586,0.9747557491064072,0.06365136904244388,0.04115007817745209,0.02883414924144745,0.9588499218225479,0.06261272148042804,0.055965978652238846,0.04237433150410652,0.9440340213477612,0.061645245936240385,0.07040248811244965,0.05558019503951073,0.9295975118875504,0.0607025445547107,0.10075583308935165,0.08110387623310089,0.8992441669106483,0.05872047677560956,0.12854377925395966,0.10562331974506378,0.8714562207460403,0.05690592906160378,
55,language_model.model.layers.20.feed_forward.w1,w1,mlp_in,20,0.05210967722624931,0.1251033354304772,4095,0.017131775617599487,0.010260490700602531,0.9828682243824005,0.05121694592850368,0.030052000656723976,0.020071012899279594,0.969947999343276,0.05054367717202439,0.04106235131621361,0.029637182131409645,0.9589376486837864,0.04996993135301057,0.051263477653265,0.03900707885622978,0.948736522346735,0.04943835395224263,0.07093082368373871,0.05722533166408539,0.9290691763162613,0.04841349489869769,0.09222542494535446,0.0748826339840889,0.9077745750546455,0.04730384010029321,
55,language_model.model.layers.20.feed_forward.w2,w2,mlp_out,20,0.13371626852428117,0.13297246195124704,4096,0.012669493444263935,0.010405775159597397,0.9873305065557361,0.13202215113682136,0.02172129414975643,0.01935109868645668,0.9782787058502436,0.13081177812305744,0.030454343184828758,0.028153391554951668,0.9695456568151712,0.129644027393248,0.03903186693787575,0.036833785474300385,0.9609681330621243,0.12849707292381216,0.056401342153549194,0.05388081818819046,0.9435986578464508,0.12617449151174734,0.0732443556189537,0.07055314630270004,0.9267556443810463,0.12392230660044921,
55,language_model.model.layers.20.feed_forward.w3,w3,mlp_in,20,0.15214860318468915,0.1251033354304772,4095,0.00912432000041008,0.009315974079072475,0.9908756799995899,0.15076035064161664,0.018658025190234184,0.018438013270497322,0.9813419748097658,0.14930981071381028,0.0271360594779253,0.027420619502663612,0.9728639405220747,0.14801988963918616,0.036724526435136795,0.03627331927418709,0.9632754735648632,0.1465610177849639,0.05476827174425125,0.05362904816865921,0.9452317282557487,0.14381568713996185,0.07244791835546494,0.0705874040722847,0.9275520816445351,0.14112575360326676,
55,language_model.model.layers.21.attention.wqkv,wqkv,attn_in,21,0.06307123103388934,0.17087150544674237,4095,0.025757471099495888,0.015324125997722149,0.9742425289005041,0.06144667562332431,0.042866356670856476,0.029176339507102966,0.9571336433291435,0.06036759714872065,0.05719420313835144,0.04258165508508682,0.9428057968616486,0.05946392223395118,0.07310004532337189,0.055643852800130844,0.9268999546766281,0.05846072118671117,0.10190240293741226,0.08090410381555557,0.8980975970625877,0.056644121035315326,0.12932847440242767,0.10519272834062576,0.8706715255975723,0.05491432494559338,
55,language_model.model.layers.21.feed_forward.w1,w1,mlp_in,21,0.04722086111851067,0.1251033354304772,4095,0.017985397949814796,0.010130837559700012,0.9820146020501852,0.04637157513976132,0.028867363929748535,0.019855951890349388,0.9711326360702515,0.04585771933552651,0.03895748034119606,0.029348185285925865,0.9610425196588039,0.04538125534979194,0.048483412712812424,0.038658544421195984,0.9515165872871876,0.04493143262024752,0.06788479536771774,0.05679154768586159,0.9321152046322823,0.04401528262439315,0.08677949756383896,0.07437621057033539,0.913220502436161,0.0431230585161145,
55,language_model.model.layers.21.feed_forward.w2,w2,mlp_out,21,0.12538277680131843,0.13297246195124704,4096,0.012812021188437939,0.010366643778979778,0.9871879788115621,0.12377637000827475,0.02165060304105282,0.01934591680765152,0.9783493969589472,0.12266816407260815,0.030880248174071312,0.02818203531205654,0.9691197518259287,0.12151092553693953,0.040043674409389496,0.03689662739634514,0.9599563255906105,0.12036198971054128,0.05763793736696243,0.05401657149195671,0.9423620626330376,0.11815597216514821,0.07451191544532776,0.07075218111276627,0.9254880845546722,0.11604026593799818,
55,language_model.model.layers.21.feed_forward.w3,w3,mlp_in,21,0.15785056602821043,0.1251033354304772,4095,0.00873066857457161,0.009296628646552563,0.9912693314254284,0.15647242505190959,0.01783285103738308,0.018397582694888115,0.9821671489626169,0.15503564039806275,0.02717645652592182,0.027347570285201073,0.9728235434740782,0.1535607469829526,0.03648972511291504,0.03616807609796524,0.963510274887085,0.152090642264923,0.0535275861620903,0.05347011610865593,0.9464724138379097,0.14940120625440068,0.0707881823182106,0.07037682086229324,0.9292118176817894,0.14667661138117274,
55,language_model.model.layers.22.attention.wqkv,wqkv,attn_in,22,0.06824306396838573,0.17087150544674237,4095,0.019783077761530876,0.01417344156652689,0.9802169222384691,0.06689300612721402,0.034867044538259506,0.027543695643544197,0.9651329554617405,0.06586363001757273,0.04961593821644783,0.040555115789175034,0.9503840617835522,0.0648571203228292,0.06361553072929382,0.053269755095243454,0.9363844692707062,0.06390174523544372,0.08942344784736633,0.07793691009283066,0.9105765521526337,0.0621405338966643,0.11508335918188095,0.10173296183347702,0.884916640818119,0.06038942292603991,
55,language_model.model.layers.22.feed_forward.w1,w1,mlp_in,22,0.05294510615961695,0.1251033354304772,4095,0.01989103853702545,0.010103208012878895,0.9801089614629745,0.051891973012649105,0.03049691580235958,0.0198503490537405,0.9695030841976404,0.05133044371492012,0.041166022419929504,0.029353057965636253,0.9588339775800705,0.05076556673242461,0.05131284147500992,0.03865450248122215,0.9486871585249901,0.050228342320370954,0.07079172879457474,0.0567626915872097,0.9292082712054253,0.04919703056336538,0.08837215602397919,0.07429104298353195,0.9116278439760208,0.04826623297737314,
55,language_model.model.layers.22.feed_forward.w2,w2,mlp_out,22,0.1329976712617843,0.13297246195124704,4096,0.013204964809119701,0.010074356570839882,0.9867950351908803,0.13124144169307758,0.02250846102833748,0.019066190347075462,0.9774915389716625,0.13000409836132878,0.0317336730659008,0.027915215119719505,0.9682663269340992,0.1287771666434367,0.0407257005572319,0.03664086014032364,0.9592742994427681,0.1275812479271677,0.05781518667936325,0.05375995859503746,0.9421848133206367,0.12530838606986366,0.0745902881026268,0.07050266116857529,0.9254097118973732,0.12307733664538936,
55,language_model.model.layers.22.feed_forward.w3,w3,mlp_in,22,0.16175793577072048,0.1251033354304772,4095,0.008758746087551117,0.009289219975471497,0.9912412539124489,0.16034113908365832,0.01838657073676586,0.018369825556874275,0.9816134292632341,0.1587837620424389,0.02726803347468376,0.02730310894548893,0.9727319665253162,0.15734711496332873,0.036084990948438644,0.036111559718847275,0.9639150090515614,0.1559209021225959,0.05313536897301674,0.053405530750751495,0.9468646310269833,0.1531628681692297,0.06984592229127884,0.070307657122612,0.9301540777087212,0.15045980355888106,
55,language_model.model.layers.23.attention.wqkv,wqkv,attn_in,23,0.06810298790465458,0.17087150544674237,4095,0.023411143571138382,0.01483794767409563,0.9765888564288616,0.06650861907719521,0.042406655848026276,0.028298798948526382,0.9575933441519737,0.06521496793435959,0.058157894760370255,0.04136527702212334,0.9418421052396297,0.06414226150122891,0.07355561852455139,0.05410419777035713,0.9264443814754486,0.06309363050595766,0.10050852596759796,0.07880381494760513,0.899491474032402,0.061258056976368595,0.12766313552856445,0.10261109471321106,0.8723368644714355,0.059408746929882475,
55,language_model.model.layers.23.feed_forward.w1,w1,mlp_in,23,0.053349643581617284,0.1251033354304772,4095,0.015211953781545162,0.009829984977841377,0.9847880462184548,0.05253809126919182,0.02775612100958824,0.01934160105884075,0.9722438789904118,0.05186886441854751,0.03719928860664368,0.028650475665926933,0.9628007113933563,0.05136507479296313,0.04743904247879982,0.037789590656757355,0.9525609575212002,0.05081878757352011,0.06652597337961197,0.05562746524810791,0.933474026620388,0.049800506612894826,0.08568639308214188,0.07296804338693619,0.9143136069178581,0.04877830505089066,
55,language_model.model.layers.23.feed_forward.w2,w2,mlp_out,23,0.13046548435786198,0.13297246195124704,4096,0.01149942260235548,0.009874267503619194,0.9885005773976445,0.12896520661820993,0.020920809358358383,0.018886443227529526,0.9790791906416416,0.12773604083176526,0.030011173337697983,0.027761831879615784,0.969988826662302,0.12655006209221145,0.038739729672670364,0.03651530295610428,0.9612602703273296,0.1254112867622244,0.05647837370634079,0.05369623005390167,0.9435216262936592,0.12309700597651989,0.07347533106803894,0.07049628347158432,0.9265246689319611,0.12087948970171601,
55,language_model.model.layers.23.feed_forward.w3,w3,mlp_in,23,0.16535939594711466,0.1251033354304772,4095,0.009556046687066555,0.009289542213082314,0.9904439533129334,0.16377921383929891,0.01852276921272278,0.0183845367282629,0.9814772307872772,0.162296482018831,0.02755114994943142,0.027334285899996758,0.9724488500505686,0.1608035544338283,0.036620669066905975,0.036159172654151917,0.963379330933094,0.1593038242310319,0.05405869334936142,0.05347365140914917,0.9459413066506386,0.15642028306917394,0.07091887295246124,0.07038971781730652,0.9290811270475388,0.1536322939544455,
55,language_model.model.layers.24.attention.wqkv,wqkv,attn_in,24,0.07612079010772843,0.17087150544674237,4095,0.02449587918817997,0.01503119058907032,0.97550412081182,0.0742561444295407,0.04107651114463806,0.028704432770609856,0.9589234888553619,0.07299401362452967,0.0573810413479805,0.041949473321437836,0.9426189586520195,0.07175289990311592,0.07241848111152649,0.05485821142792702,0.9275815188884735,0.07060823810711743,0.10058122128248215,0.0798516795039177,0.8994187787175179,0.06846446807370563,0.1268635392189026,0.10390541702508926,0.8731364607810974,0.06646383726652277,
55,language_model.model.layers.24.feed_forward.w1,w1,mlp_in,24,0.049561560770671885,0.1251033354304772,4095,0.013598262332379818,0.009828928858041763,0.9864017376676202,0.048887609665710104,0.025452034547924995,0.019344530999660492,0.974547965452075,0.04830011821368766,0.03524080291390419,0.028646517544984818,0.9647591970860958,0.04781497157544715,0.044941388070583344,0.03777934983372688,0.9550586119294167,0.04733419543469332,0.06421269476413727,0.05563360080122948,0.9357873052358627,0.04637907939687049,0.08274496346712112,0.07299385219812393,0.9172550365328789,0.04546059123532914,
55,language_model.model.layers.24.feed_forward.w2,w2,mlp_out,24,0.1261472569608048,0.13297246195124704,4096,0.01126000564545393,0.009991724044084549,0.9887399943545461,0.12472683813526762,0.02051519602537155,0.019057882949709892,0.9794848039746284,0.12355932125619098,0.029362395405769348,0.02797679789364338,0.9706376045942307,0.12244327132256846,0.03851718828082085,0.03676378354430199,0.9614828117191792,0.1212884193133364,0.056034933775663376,0.05402267351746559,0.9439650662243366,0.11907860377102453,0.07303762435913086,0.07088439911603928,0.9269623756408691,0.11693376099296679,
55,language_model.model.layers.24.feed_forward.w3,w3,mlp_in,24,0.1668633875771484,0.1251033354304772,4095,0.009525734931230545,0.009303344413638115,0.9904742650687695,0.16527389117736127,0.018868738785386086,0.01840798370540142,0.9811312612146139,0.16371488590411054,0.02778416872024536,0.027362819761037827,0.9722158312797546,0.1622272270634732,0.0367642305791378,0.03618885949254036,0.9632357694208622,0.16072878352104605,0.05490303039550781,0.053499456495046616,0.9450969696044922,0.1577020819371028,0.07175518572330475,0.07041554898023605,0.9282448142766953,0.15489007421113032,
55,language_model.model.layers.25.attention.wqkv,wqkv,attn_in,25,0.08507687838204397,0.17087150544674237,4095,0.03751567006111145,0.016823410987854004,0.9624843299388885,0.0818851622828339,0.05661940574645996,0.03116236999630928,0.94338059425354,0.0802598760852888,0.07200275361537933,0.04494672641158104,0.9279972463846207,0.07895110886953607,0.08666639775037766,0.05831989273428917,0.9133336022496223,0.07770357180082524,0.1149689331650734,0.08407790213823318,0.8850310668349266,0.07529568043744568,0.1411973237991333,0.10876016318798065,0.8588026762008667,0.07306425083731503,
55,language_model.model.layers.25.feed_forward.w1,w1,mlp_in,25,0.04983737808277307,0.1251033354304772,4095,0.013359339907765388,0.009715297259390354,0.9866406600922346,0.049171583608853486,0.02573220245540142,0.01910274289548397,0.9742677975445986,0.048554952580100764,0.03619629889726639,0.02829870395362377,0.9638037011027336,0.04803344944943294,0.04542306438088417,0.03732961416244507,0.9545769356191158,0.0475736116495448,0.06350933015346527,0.055009033530950546,0.9364906698465347,0.04667223958413116,0.0817444697022438,0.07222514599561691,0.9182555302977562,0.045763448040046555,
55,language_model.model.layers.25.feed_forward.w2,w2,mlp_out,25,0.12244033539124118,0.13297246195124704,4096,0.014268284663558006,0.010049475356936455,0.985731715336442,0.12069332183157742,0.023689651861786842,0.01912003383040428,0.9763103481382132,0.11953976647198225,0.03283166140317917,0.028047241270542145,0.9671683385968208,0.11842041575758425,0.041734471917152405,0.03684539347887039,0.9582655280828476,0.1173303526523287,0.059238385409116745,0.05411669239401817,0.9407616145908833,0.11518716761371331,0.0761900544166565,0.07099501043558121,0.9238099455833435,0.11311159957498884,
55,language_model.model.layers.26.attention.wqkv,wqkv,attn_in,26,0.07541539074443385,0.17087150544674237,4095,0.020744068548083305,0.015486665070056915,0.9792559314519167,0.07385096870925083,0.038250964134931564,0.029854750260710716,0.9617490358650684,0.07253067933784665,0.055170658975839615,0.04373638704419136,0.9448293410241604,0.071254673940143,0.07160890847444534,0.05723363533616066,0.9283910915255547,0.07001497693105115,0.10087329894304276,0.08329637348651886,0.8991267010569572,0.06780799148896419,0.12651866674423218,0.10824526101350784,0.8734813332557678,0.06587393605545278,
55,language_model.model.layers.26.feed_forward.w1,w1,mlp_in,26,0.05181612607154314,0.1251033354304772,4095,0.011148066259920597,0.009697462432086468,0.9888519337400794,0.051238476464765176,0.021802430972456932,0.019092746078968048,0.9781975690275431,0.05068640855960819,0.03277489170432091,0.028304239735007286,0.9672251082956791,0.05011785815101087,0.04227214679121971,0.03735629841685295,0.9577278532087803,0.049625747184094515,0.060393936932086945,0.055058274418115616,0.939606063067913,0.0486867462215133,0.07838399708271027,0.0722915306687355,0.9216160029172897,0.04775457099671395,
55,language_model.model.layers.26.feed_forward.w2,w2,mlp_out,26,0.125848302028153,0.13297246195124704,4096,0.015232246369123459,0.010192306712269783,0.9847677536308765,0.12393134968652432,0.024437060579657555,0.019277937710285187,0.9755629394203424,0.12277293944764399,0.033397357910871506,0.028224283829331398,0.9666026420891285,0.12164530124284333,0.04225001484155655,0.03704846650362015,0.9577499851584435,0.12053120939967885,0.059695109724998474,0.05436539277434349,0.9403048902750015,0.11833577382987766,0.076781265437603,0.07129453122615814,0.923218734562397,0.11618551014525776,
55,language_model.model.layers.26.feed_forward.w3,w3,mlp_in,26,0.16667904055681254,0.1251033354304772,4095,0.009840954095125198,0.009309482760727406,0.9901590459048748,0.16503875977007343,0.018765820190310478,0.01840297505259514,0.9812341798096895,0.16355117165222993,0.02769019454717636,0.027348341420292854,0.9723098054528236,0.1620636654968577,0.03645150735974312,0.03616595268249512,0.9635484926402569,0.16060333828324097,0.05559886619448662,0.053475987166166306,0.9444011338055134,0.15741187488346892,0.07266755402088165,0.07038550078868866,0.9273324459791183,0.15456688237300165,
55,language_model.model.layers.27.attention.wqkv,wqkv,attn_in,27,0.07515655352156209,0.17087150544674237,4095,0.021276265382766724,0.014796572737395763,0.9787237346172333,0.07355750274358322,0.03663971275091171,0.02826128713786602,0.9633602872490883,0.07240283898918352,0.052596937865018845,0.04136418551206589,0.9474030621349812,0.07120354894583952,0.0675441175699234,0.0541662760078907,0.9324558824300766,0.07008017043435145,0.09550509601831436,0.07897160947322845,0.9044949039816856,0.06797871966107971,0.12100512534379959,0.10289120674133301,0.8789948746562004,0.06606222534227749,
55,language_model.model.layers.27.feed_forward.w1,w1,mlp_in,27,0.047363042949575496,0.1251033354304772,4095,0.010479588061571121,0.009696095250546932,0.9895204119384289,0.046866697770121445,0.020666155964136124,0.019114257767796516,0.9793338440358639,0.04638423091704349,0.030032310634851456,0.028341002762317657,0.9699676893651485,0.045940621331102036,0.039279043674468994,0.03740755468606949,0.960720956325531,0.045502667917003366,0.05918847396969795,0.055122293531894684,0.940811526030302,0.04455969671482886,0.07635002583265305,0.0723731517791748,0.923649974167347,0.043746873396862354,
55,language_model.model.layers.27.feed_forward.w2,w2,mlp_out,27,0.11977634753182455,0.13297246195124704,4096,0.014277820475399494,0.010045134462416172,0.9857221795246005,0.11806620234456609,0.023475516587495804,0.019117984920740128,0.9765244834125042,0.11696453589855153,0.03267786651849747,0.028040673583745956,0.9673221334815025,0.11586231203510643,0.04160685837268829,0.036835066974163055,0.9583931416273117,0.11479283000367003,0.05922483280301094,0.05411199852824211,0.9407751671969891,0.11268261337549691,0.07643972337245941,0.07100621610879898,0.9235602766275406,0.11062067665992832,
55,language_model.model.layers.27.feed_forward.w3,w3,mlp_in,27,0.1555361936605443,0.1251033354304772,4095,0.009625151753425598,0.00944274291396141,0.9903748482465744,0.15403913419341136,0.01878018118441105,0.01861322671175003,0.981219818815589,0.15261519576286564,0.027283374220132828,0.027620842680335045,0.9727166257798672,0.15129264148412863,0.0363493449985981,0.03649936243891716,0.9636506550014019,0.1498825548974084,0.05497981607913971,0.053915463387966156,0.9450201839208603,0.14698484233943812,0.07202950119972229,0.07092544436454773,0.9279704988002777,0.1443329992126719,
55,language_model.model.layers.28.attention.wqkv,wqkv,attn_in,28,0.07367655677344073,0.17087150544674237,4095,0.022387733682990074,0.01957162842154503,0.9776122663170099,0.07202710564171724,0.042644720524549484,0.03758840635418892,0.9573552794754505,0.07053464060062625,0.06250373274087906,0.05471213161945343,0.9374962672591209,0.06907149695960539,0.0807381197810173,0.07108713686466217,0.9192618802189827,0.06772805010761375,0.11603891849517822,0.10190996527671814,0.8839610815048218,0.06512720880700207,0.14982476830482483,0.13056454062461853,0.8501752316951752,0.06263798372536271,
55,language_model.model.layers.28.feed_forward.w1,w1,mlp_in,28,0.04006068453183518,0.1251033354304772,4095,0.016643712297081947,0.010101947002112865,0.983356287702918,0.03939392602406316,0.0273420549929142,0.01980273798108101,0.9726579450070858,0.038965343092311956,0.039051663130521774,0.029255488887429237,0.9609483368694782,0.038496248174719847,0.04934863746166229,0.03852330520749092,0.9506513625383377,0.03808374433440762,0.069254070520401,0.056590739637613297,0.930745929479599,0.03728631906017193,0.08751502633094788,0.0741371214389801,0.9124849736690521,0.03655477267019583,
55,language_model.model.layers.28.feed_forward.w2,w2,mlp_out,28,0.10960384985917801,0.13297246195124704,4096,0.013937129639089108,0.010490856133401394,0.9860628703609109,0.10807628679474739,0.02302989736199379,0.019587097689509392,0.9769701026380062,0.10707968444644177,0.032160256057977676,0.028531929478049278,0.9678397439420223,0.1060789619827667,0.04112456366419792,0.0373510867357254,0.9588754363358021,0.10509643935780305,0.05973014608025551,0.0546574704349041,0.9402698539197445,0.10305719589613091,0.07719763368368149,0.0715649425983429,0.9228023663163185,0.10114269200742797,
55,language_model.model.layers.28.feed_forward.w3,w3,mlp_in,28,0.13547011088582941,0.1251033354304772,4095,0.010006514377892017,0.010054477490484715,0.989993485622108,0.13411452727347573,0.01915721781551838,0.019463377073407173,0.9808427821844816,0.13287488046409715,0.02866724506020546,0.02866682969033718,0.9713327549397945,0.13158655601873215,0.03837001323699951,0.03771480545401573,0.9616299867630005,0.13027212093792234,0.056331291794776917,0.05541107803583145,0.9436687082052231,0.12783890454004898,0.07428357005119324,0.07266581803560257,0.9257164299488068,0.12540690741399899,
55,language_model.model.layers.29.attention.wqkv,wqkv,attn_in,29,0.0741699808346008,0.17087150544674237,4095,0.025500640273094177,0.01930045895278454,0.9744993597269058,0.07227859883427536,0.0423719547688961,0.037234969437122345,0.9576280452311039,0.07102725376146721,0.06070951372385025,0.054353978484869,0.9392904862761497,0.0696671573652249,0.07646222412586212,0.07078003883361816,0.9235377758741379,0.06849877913661466,0.10771161317825317,0.10190573334693909,0.8922883868217468,0.06618101254950583,0.13665500283241272,0.13112333416938782,0.8633449971675873,0.06403428189356843,
55,language_model.model.layers.29.feed_forward.w1,w1,mlp_in,29,0.040022207561418915,0.1251033354304772,4095,0.01241209451109171,0.010110151022672653,0.9875879054889083,0.039525448138624054,0.02330906316637993,0.019745005294680595,0.9766909368336201,0.039089327397311836,0.033601731061935425,0.029149862006306648,0.9663982689380646,0.03867739210643516,0.043338652700185776,0.0383797362446785,0.9566613472998142,0.03828769900761983,0.06268378347158432,0.05640484765172005,0.9373162165284157,0.03751346416858413,0.0821966826915741,0.07392748445272446,0.9178033173084259,0.03673251486587665,
55,language_model.model.layers.29.feed_forward.w2,w2,mlp_out,29,0.10068492786756782,0.13297246195124704,4096,0.01640089601278305,0.010768294334411621,0.983599103987217,0.09903360483555727,0.025880219414830208,0.019893266260623932,0.9741197805851698,0.0980791798425888,0.034965645521879196,0.028861796483397484,0.9650343544781208,0.09716441437035446,0.043977268040180206,0.037684712558984756,0.9560227319598198,0.09625707980712958,0.06124052777886391,0.05499966815114021,0.9387594722211361,0.09451892974558113,0.07944569736719131,0.07193645089864731,0.9205543026328087,0.09268594355876354,
55,language_model.model.layers.29.feed_forward.w3,w3,mlp_in,29,0.10884767068988604,0.1251033354304772,4095,0.014537245035171509,0.013922232203185558,0.9854627549648285,0.10726532542955952,0.023715689778327942,0.023646574467420578,0.9762843102216721,0.1062662730987111,0.0339273065328598,0.03308568149805069,0.9660726934671402,0.10515476240100251,0.043540921062231064,0.04233603924512863,0.9564590789377689,0.10410834285257,0.06150086224079132,0.06037279590964317,0.9384991377592087,0.10215344508955634,0.07896415889263153,0.07789351791143417,0.9210358411073685,0.10025260592643705,
55,language_model.model.layers.3.attention.wqkv,wqkv,attn_in,3,0.01876207786097008,0.17087150544674237,4095,0.07448657602071762,0.01985131949186325,0.9255134239792824,0.017364554922072308,0.10073694586753845,0.036870863288640976,0.8992630541324615,0.016872043439126995,0.11957505345344543,0.05315996706485748,0.8804249465465546,0.016518601397846878,0.13769488036632538,0.06890276074409485,0.8623051196336746,0.01617863579448012,0.17278552055358887,0.09895068407058716,0.8272144794464111,0.015520262471095399,0.20244993269443512,0.1274183839559555,0.7975500673055649,0.014963696460808935,
55,language_model.model.layers.3.feed_forward.w1,w1,mlp_in,3,0.1374365214102748,0.1251033354304772,4095,0.00963861495256424,0.0094487015157938,0.9903613850474358,0.13611182369998132,0.01917959749698639,0.018508216366171837,0.9808204025030136,0.13480054424823976,0.02765144594013691,0.02740384265780449,0.9723485540598631,0.1336362028682981,0.03641312196850777,0.036159586161375046,0.9635868780314922,0.13243202859323502,0.05336323752999306,0.05332102254033089,0.9466367624700069,0.13010246367296233,0.07036998122930527,0.07007930427789688,0.9296300187706947,0.12776511597841275,
55,language_model.model.layers.30.attention.wqkv,wqkv,attn_in,30,0.07478646794284338,0.17087150544674237,4095,0.02405243180692196,0.02336183749139309,0.975947568193078,0.07298767152256759,0.047364432364702225,0.045042525976896286,0.9526355676352978,0.07124424934016961,0.07160509377717972,0.0654839426279068,0.9283949062228203,0.06943137589253204,0.08991479128599167,0.08487293124198914,0.9100852087140083,0.06806205828674611,0.12611441314220428,0.12092987447977066,0.8738855868577957,0.06535481642725341,0.15665455162525177,0.15362906455993652,0.8433454483747482,0.06307082733962098,
55,language_model.model.layers.30.feed_forward.w1,w1,mlp_in,30,0.040220343410817434,0.1251033354304772,4095,0.017479168251156807,0.013481206260621548,0.9825208317488432,0.03951732526122045,0.02725503407418728,0.022930731996893883,0.9727449659258127,0.03912413658068009,0.03698007017374039,0.032168544828891754,0.9630199298262596,0.03873299228907347,0.047354232519865036,0.04123346135020256,0.952645767480135,0.03831573991691276,0.06458631157875061,0.05894703418016434,0.9354136884212494,0.03762265977948203,0.08258230239152908,0.07619503140449524,0.9174176976084709,0.036898854848974164,
55,language_model.model.layers.30.feed_forward.w2,w2,mlp_out,30,0.07165392438085362,0.13297246195124704,4096,0.030331725254654884,0.01119329035282135,0.9696682747453451,0.06948053723311576,0.04133117198944092,0.020555639639496803,0.9586688280105591,0.06869238370855016,0.0506926067173481,0.029657185077667236,0.9493073932826519,0.06802160017246041,0.06021890789270401,0.03858727216720581,0.939781092107296,0.06733900330841222,0.07937344163656235,0.056058160960674286,0.9206265583634377,0.06596650579597928,0.09728864580392838,0.07308073341846466,0.9027113541960716,0.06468281111130328,
55,language_model.model.layers.30.feed_forward.w3,w3,mlp_in,30,0.08343450387650525,0.1251033354304772,4095,0.17156273126602173,0.19834469258785248,0.8284372687339783,0.06912025250962653,0.18156594038009644,0.20753440260887146,0.8184340596199036,0.06828563972002077,0.18944565951824188,0.2157362550497055,0.8105543404817581,0.0676281992630434,0.1983405202627182,0.2236189991235733,0.8016594797372818,0.06688606096977742,0.21454650163650513,0.23882505297660828,0.7854534983634949,0.06553392295402362,0.2299427092075348,0.25347900390625,0.7700572907924652,0.06424934801375506,
55,language_model.model.layers.31.attention.wqkv,wqkv,attn_in,31,0.07050787186307496,0.17087150544674237,4095,0.023029394447803497,0.022561408579349518,0.9769706055521965,0.06888411827026501,0.04388592764735222,0.04364876449108124,0.9561140723526478,0.06741356849992328,0.06344319134950638,0.06375878304243088,0.9365568086504936,0.06603462745681941,0.0829818844795227,0.08301190286874771,0.9170181155204773,0.06465699578523629,0.12124978005886078,0.11940460652112961,0.8787502199411392,0.06195880790725878,0.15492035448551178,0.15327222645282745,0.8450796455144882,0.059584767360028344,
55,language_model.model.layers.31.feed_forward.w1,w1,mlp_in,31,0.03427338957349851,0.1251033354304772,4095,0.01737227477133274,0.009929822757840157,0.9826277252286673,0.03367798283248276,0.02734551392495632,0.019345896318554878,0.9726544860750437,0.03333616612166095,0.03694368898868561,0.02855149284005165,0.9630563110113144,0.03300720412850712,0.04742980748414993,0.03759011626243591,0.9525701925158501,0.0326478093041982,0.06669212132692337,0.05525830388069153,0.9333078786730766,0.031987624517777834,0.08299853652715683,0.0724693313241005,0.9170014634728432,0.03142874839707301,
55,language_model.model.layers.31.feed_forward.w2,w2,mlp_out,31,0.02806158977444199,0.13297246195124704,4096,0.3877005875110626,0.021258488297462463,0.6122994124889374,0.017182094932396405,0.40764230489730835,0.03431703522801399,0.5923576951026917,0.01662249863970572,0.42247915267944336,0.04605451598763466,0.5775208473205566,0.016206153103697607,0.43474459648132324,0.056958794593811035,0.5652554035186768,0.01586196525132778,0.46049177646636963,0.07732048630714417,0.5395082235336304,0.015139458448738687,0.47860977053642273,0.0964723452925682,0.5213902294635773,0.014631038731609083,
55,language_model.model.layers.31.feed_forward.w3,w3,mlp_in,31,0.056607463366720505,0.1251033354304772,4095,0.015226184390485287,0.01571924053132534,0.9847738156095147,0.055745547691621176,0.027501743286848068,0.02645573765039444,0.9724982567131519,0.0550506594410893,0.037230003625154495,0.036727651953697205,0.9627699963748455,0.0544999673003667,0.04796657711267471,0.046728286892175674,0.9520334228873253,0.0538921971099878,0.06942068040370941,0.06610456854104996,0.9305793195962906,0.052677734743874716,0.08660443127155304,0.08483096957206726,0.913395568728447,0.0517050061961204,
55,language_model.model.layers.4.attention.wqkv,wqkv,attn_in,4,0.02868314857675877,0.17087150544674237,4095,0.07863488048315048,0.02188626118004322,0.9213651195168495,0.026427652616544898,0.10514651983976364,0.04062255099415779,0.8948534801602364,0.025667215325865717,0.1275574415922165,0.05808558315038681,0.8724425584077835,0.025024399527497996,0.14678338170051575,0.07470782101154327,0.8532166182994843,0.024472939030843785,0.18088601529598236,0.1059667319059372,0.8191139847040176,0.02349476812456625,0.21154966950416565,0.1352023035287857,0.7884503304958344,0.022615237975006575,
55,language_model.model.layers.4.feed_forward.w1,w1,mlp_in,4,0.12396165534323023,0.1251033354304772,4095,0.010474162176251411,0.00948004424571991,0.9895258378237486,0.12266326086152865,0.01996353641152382,0.01858983188867569,0.9800364635884762,0.12148694232315288,0.02939421683549881,0.0275293979793787,0.9706057831645012,0.12031789956678395,0.038262538611888885,0.036334890872240067,0.9617374613881111,0.11921856771926621,0.05619513988494873,0.05359659716486931,0.9438048601150513,0.11699561278084761,0.07369256764650345,0.07045046985149384,0.9263074323534966,0.11482660267127669,
55,language_model.model.layers.5.attention.wqkv,wqkv,attn_in,5,0.040612968849380045,0.17087150544674237,4095,0.06147870048880577,0.02120022661983967,0.9385212995111942,0.03811613630152781,0.08521834760904312,0.039252568036317825,0.9147816523909569,0.037151998752538336,0.10534393787384033,0.05626142397522926,0.8946560621261597,0.03633463878203874,0.12375517934560776,0.072517029941082,0.8762448206543922,0.035586903605667436,0.15571333467960358,0.10317995399236679,0.8442866653203964,0.034288988038604216,0.18733000755310059,0.13199783861637115,0.8126699924468994,0.033004941088071844,
55,language_model.model.layers.5.feed_forward.w1,w1,mlp_in,5,0.1106980390417732,0.1251033354304772,4095,0.009453645907342434,0.009299201890826225,0.9905463540926576,0.1096515389780351,0.01854151487350464,0.018365412950515747,0.9814584851264954,0.10864552970441235,0.02746155858039856,0.02728026732802391,0.9725384414196014,0.10765809835789229,0.03704250231385231,0.0360630638897419,0.9629574976861477,0.1065975066744294,0.054365139454603195,0.05329744517803192,0.9456348605453968,0.10467992471191609,0.07117043435573578,0.07013452798128128,0.9288295656442642,0.102819611520842,
55,language_model.model.layers.6.attention.wqkv,wqkv,attn_in,6,0.038714739043813534,0.17087150544674237,4095,0.06419702619314194,0.020136849954724312,0.9358029738068581,0.03622936792735718,0.08654408156871796,0.037275172770023346,0.913455918431282,0.03536420751009411,0.10754308849573135,0.0535094179213047,0.8924569115042686,0.03455123643673555,0.12396658211946487,0.06912008672952652,0.8760334178805351,0.03391540516690497,0.157858744263649,0.098809152841568,0.842141255736351,0.032603278953862266,0.18971431255340576,0.1268756240606308,0.8102856874465942,0.03136999894043195,
55,language_model.model.layers.6.feed_forward.w1,w1,mlp_in,6,0.10130432031806968,0.1251033354304772,4095,0.011075587011873722,0.009545613080263138,0.9889244129881263,0.10018231550370818,0.021286532282829285,0.01880669966340065,0.9787134677171707,0.09914790263322902,0.03088095597922802,0.027891915291547775,0.969119044020772,0.09817594606182176,0.04012265428900719,0.036824848502874374,0.9598773457109928,0.09723972209596493,0.05749516189098358,0.0543246790766716,0.9425048381090164,0.09547981202112621,0.07570105046033859,0.07138002663850784,0.9242989495396614,0.09363547685382119,
55,language_model.model.layers.7.attention.wqkv,wqkv,attn_in,7,0.04925177312839836,0.17087150544674237,4095,0.06352769583463669,0.028689103201031685,0.9364723041653633,0.04612292146578094,0.09309650957584381,0.051005542278289795,0.9069034904241562,0.04466660495972313,0.12113415449857712,0.06998516619205475,0.8788658455014229,0.043285701232934085,0.14277587831020355,0.0871531069278717,0.8572241216897964,0.042219807961656405,0.17935578525066376,0.11868375539779663,0.8206442147493362,0.04041818268396693,0.20954804122447968,0.1478872150182724,0.7904519587755203,0.03893116054251002,
55,language_model.model.layers.7.feed_forward.w1,w1,mlp_in,7,0.0948465881132462,0.1251033354304772,4095,0.010850854218006134,0.00986394938081503,0.9891491457819939,0.09381742161255409,0.020760461688041687,0.01932363025844097,0.9792395383119583,0.09287752915447968,0.030032042413949966,0.028581202030181885,0.96996795758605,0.09199815135621074,0.03980548679828644,0.03766999766230583,0.9601945132017136,0.09107117350224186,0.058089885860681534,0.05541735887527466,0.9419101141393185,0.08933696063547265,0.07547341287136078,0.07267937809228897,0.9245265871286392,0.08768819240913527,
55,language_model.model.layers.8.attention.wqkv,wqkv,attn_in,8,0.03801255024131359,0.17087150544674237,4095,0.04736875370144844,0.016802189871668816,0.9526312462985516,0.036211943111368876,0.06812537461519241,0.03228126838803291,0.9318746253848076,0.03542293101604528,0.08693590760231018,0.04718746244907379,0.9130640923976898,0.03470789468580658,0.10523608326911926,0.06160738319158554,0.8947639167308807,0.034012258338847134,0.13707876205444336,0.08933288604021072,0.8629212379455566,0.03280183691170199,0.16836659610271454,0.11574572324752808,0.8316334038972855,0.031612506548000206,
55,language_model.model.layers.8.feed_forward.w1,w1,mlp_in,8,0.08949401496044997,0.1251033354304772,4095,0.01128144096583128,0.00973587203770876,0.9887185590341687,0.08848439351387843,0.020962128415703773,0.019051620736718178,0.9790378715842962,0.0876180299264121,0.030448652803897858,0.028179269284009933,0.9695513471961021,0.08676904277089238,0.04017362743616104,0.03715784475207329,0.959826372563839,0.08589871574566263,0.058566056191921234,0.054705120623111725,0.9414339438080788,0.08425270345143561,0.07482080906629562,0.07182223349809647,0.9251791909337044,0.08279800035451794,
55,language_model.model.layers.9.attention.wqkv,wqkv,attn_in,9,0.06351474106382403,0.17087150544674237,4095,0.049101199954748154,0.021998129785060883,0.9508988000452518,0.06039609106277515,0.07161165028810501,0.03944220766425133,0.928388349711895,0.05896634563862192,0.09178781509399414,0.05593939125537872,0.9082121849060059,0.057684861755314835,0.10940191149711609,0.07173627614974976,0.8905980885028839,0.056566106983197306,0.14324942231178284,0.1017279103398323,0.8567505776882172,0.054416291098148765,0.172825887799263,0.13004370033740997,0.827174112200737,0.05253774955112833,
55,language_model.model.layers.9.feed_forward.w1,w1,mlp_in,9,0.08149769852202328,0.1251033354304772,4095,0.01416721660643816,0.009891019202768803,0.9858327833935618,0.08034310297413558,0.02543639950454235,0.019318517297506332,0.9745636004954576,0.07942469050371634,0.03426452353596687,0.028540857136249542,0.9657354764640331,0.07870521871288828,0.04432692751288414,0.0375974141061306,0.9556730724871159,0.07788515594717067,0.062327925115823746,0.055299464613199234,0.9376720748841763,0.07641811607143063,0.08009591698646545,0.07252728193998337,0.9199040830135345,0.07497006562661532,
55,language_model.model.layers.9.feed_forward.w3,w3,mlp_in,9,0.1659395324739062,0.1251033354304772,4095,0.009535973891615868,0.009191910736262798,0.9904640261083841,0.16435713742464808,0.01909715123474598,0.018192531540989876,0.980902848765254,0.16277056012642896,0.02798144891858101,0.027040129527449608,0.972018551081419,0.16129630392241437,0.03684111684560776,0.03576880693435669,0.9631588831543922,0.1598261347687295,0.053854480385780334,0.05289875343441963,0.9461455196142197,0.15700294517706465,0.07063403725624084,0.06965135782957077,0.9293659627437592,0.15421855335486112,
42,language_model.model.layers.0.attention.wqkv,wqkv,attn_in,0,0.0022011306961484144,0.17087150544674237,4095,0.5904056429862976,0.2729471027851105,0.4095943570137024,0.000901570712192033,0.6928519606590271,0.34960120916366577,0.3071480393409729,0.0006760729776552162,0.7489319443702698,0.4025368392467499,0.2510680556297302,0.000552633604068897,0.7826308608055115,0.4451718032360077,0.21736913919448853,0.0004784578846763461,0.8264699578285217,0.5125837326049805,0.17353004217147827,0.0003819623025275697,0.8549713492393494,0.5657511949539185,0.14502865076065063,0.0003192270150102562,
42,language_model.model.layers.0.feed_forward.w1,w1,mlp_in,0,0.0985288731731875,0.1251033354304772,4095,0.01115132961422205,0.011179297231137753,0.988848670385778,0.0974301452319154,0.020515233278274536,0.020465508103370667,0.9794847667217255,0.09650753035539403,0.030625564977526665,0.02951788902282715,0.9693744350224733,0.09551137076565956,0.039606135338544846,0.03841819241642952,0.9603938646614552,0.09462652528753591,0.057193152606487274,0.05582667142152786,0.9428068473935127,0.09289369629364816,0.07419198006391525,0.07278282940387726,0.9258080199360847,0.09121882097900233,
42,language_model.model.layers.0.feed_forward.w2,w2,mlp_out,0,0.09859691358258091,0.13297246195124704,4096,0.019795943051576614,0.012680472806096077,0.9802040569484234,0.09664509469623891,0.03014650009572506,0.022534791380167007,0.9698534999042749,0.09562456171782543,0.040708184242248535,0.03194953501224518,0.9592918157577515,0.09458321225874415,0.050287824124097824,0.041059136390686035,0.9497121758759022,0.0936386893331612,0.0679916962981224,0.05867486074566841,0.9320083037018776,0.09189314217834185,0.08500976115465164,0.07572232186794281,0.9149902388453484,0.09021521350833987,
42,language_model.model.layers.0.feed_forward.w3,w3,mlp_in,0,0.12819475844293046,0.1251033354304772,4095,0.009561467915773392,0.009230928495526314,0.9904385320842266,0.12696902837310806,0.018647978082299232,0.018271619454026222,0.9813520219177008,0.12580418539722105,0.02730519138276577,0.027164462953805923,0.9726948086172342,0.12469437602937881,0.03657158091664314,0.03594221547245979,0.9634284190833569,0.1235064734614453,0.05349225923418999,0.05317156761884689,0.94650774076581,0.12133733119183686,0.07018617540597916,0.07001198083162308,0.9298138245940208,0.11919725864072782,
42,language_model.model.layers.1.attention.wqkv,wqkv,attn_in,1,0.006235140167099287,0.17087150544674237,4095,0.2219250649213791,0.056933436542749405,0.7780749350786209,0.004851406280721879,0.2969374358654022,0.09265299141407013,0.7030625641345978,0.004383693633619449,0.34549713134765625,0.12371370941400528,0.6545028686523438,0.004080917125815937,0.3838009238243103,0.1517053097486496,0.6161990761756897,0.003842087610792516,0.446159303188324,0.20172059535980225,0.553840696811676,0.003453274374864739,0.49679240584373474,0.24560321867465973,0.5032075941562653,0.003137569882713126,
42,language_model.model.layers.1.feed_forward.w1,w1,mlp_in,1,0.11751770209143741,0.1251033354304772,4095,0.015270836651325226,0.013576303608715534,0.9847291633486748,0.11572310845915998,0.02471991814672947,0.022605059668421745,0.9752800818532705,0.11461267411494534,0.033629175275564194,0.031458962708711624,0.9663708247244358,0.11356567868982292,0.042810678482055664,0.04017092287540436,0.9571893215179443,0.11248668953125089,0.05972998961806297,0.05723883584141731,0.940270010381937,0.11049837096557724,0.07717832922935486,0.07390514761209488,0.9228216707706451,0.10844788218914721,
42,language_model.model.layers.1.feed_forward.w2,w2,mlp_out,1,0.12599663665969454,0.13297246195124704,4096,0.018516896292567253,0.012342484667897224,0.9814831037074327,0.1236635700054547,0.027983734384179115,0.02158067747950554,0.9720162656158209,0.12247078024610973,0.03713347017765045,0.03058294765651226,0.9628665298223495,0.12131794430980752,0.04613078385591507,0.03941789269447327,0.9538692161440849,0.12018431304737391,0.06356216967105865,0.056692324578762054,0.9364378303289413,0.11798801706234831,0.08070221543312073,0.07352789491415024,0.9192977845668793,0.11582842894413524,
42,language_model.model.layers.1.feed_forward.w3,w3,mlp_in,1,0.15667247457874042,0.1251033354304772,4095,0.008688291534781456,0.009234679862856865,0.9913117084652185,0.1553112584441247,0.017929941415786743,0.018278470262885094,0.9820700585842133,0.15386334628807727,0.02764696441590786,0.027178682386875153,0.9723530355840921,0.15234095624910976,0.036854349076747894,0.035955097526311874,0.9631456509232521,0.1508984125098976,0.0531453862786293,0.05318644270300865,0.9468546137213707,0.14834605539802453,0.07010533660650253,0.0700223445892334,0.9298946633934975,0.14568889801142412,
42,language_model.model.layers.10.attention.wqkv,wqkv,attn_in,10,0.040126759030248864,0.17087150544674237,4095,0.050067219883203506,0.01753374934196472,0.9499327801167965,0.03811772376268107,0.07062588632106781,0.03324716538190842,0.9293741136789322,0.037292771108545626,0.08794718235731125,0.04830807074904442,0.9120528176426888,0.03659772363640768,0.10398261994123459,0.06286463886499405,0.8960173800587654,0.03595427349653299,0.13402247428894043,0.09073974192142487,0.8659775257110596,0.034748871499818826,0.16251829266548157,0.11731813848018646,0.8374817073345184,0.03360542666245362,
42,language_model.model.layers.10.feed_forward.w1,w1,mlp_in,10,0.07844761525435703,0.1251033354304772,4095,0.01379926037043333,0.010282075963914394,0.9862007396295667,0.07736509618602258,0.025239789858460426,0.01978592574596405,0.9747602101415396,0.0764676139304397,0.0354638434946537,0.02904786355793476,0.9645361565053463,0.07566556130444771,0.04536745697259903,0.038127195090055466,0.954632543027401,0.07488864644470199,0.06486454606056213,0.055874165147542953,0.9351354539394379,0.07335914630134953,0.08268336206674576,0.07313229888677597,0.9173166379332542,0.07196130267900826,
42,language_model.model.layers.10.feed_forward.w3,w3,mlp_in,10,0.15535475933438567,0.1251033354304772,4095,0.009290322661399841,0.009238709695637226,0.9907096773386002,0.1539114634931851,0.018292175605893135,0.01828351989388466,0.9817078243941069,0.15251298279542982,0.026391614228487015,0.027183260768651962,0.973608385771513,0.1512546964574731,0.035892002284526825,0.03595497086644173,0.9641079977154732,0.14977876595744377,0.053103286772966385,0.05317443236708641,0.9468967132270336,0.1471049109979066,0.06917279213666916,0.06999783217906952,0.9308272078633308,0.14460843685950595,
42,language_model.model.layers.11.attention.wqkv,wqkv,attn_in,11,0.054198366638059395,0.17087150544674237,4095,0.05842174217104912,0.021932292729616165,0.9415782578289509,0.0510320036362387,0.08135268837213516,0.04044998437166214,0.9186473116278648,0.049789183806674624,0.10246601700782776,0.05785490944981575,0.8975339829921722,0.048644875880327516,0.12081695348024368,0.07435417175292969,0.8791830465197563,0.04765028509724378,0.15654544532299042,0.10528606921434402,0.8434545546770096,0.04571385919692568,0.1859900802373886,0.1341909021139145,0.8140099197626114,0.04411800807831132,
42,language_model.model.layers.11.feed_forward.w1,w1,mlp_in,11,0.07754489737480891,0.1251033354304772,4095,0.01233673095703125,0.010936003178358078,0.9876632690429688,0.07658824683880529,0.02483517676591873,0.020623184740543365,0.9751648232340813,0.0756190561412105,0.03498254343867302,0.03002668172121048,0.965017456561327,0.07483217963394721,0.04613767936825752,0.039240624755620956,0.9538623206317425,0.07396715576308555,0.06578323245048523,0.057205405086278915,0.9342167675495148,0.07244374336545283,0.08440432697534561,0.07463982701301575,0.9155956730246544,0.07099977250151591,
42,language_model.model.layers.11.feed_forward.w3,w3,mlp_in,11,0.14843292997676644,0.1251033354304772,4095,0.008887332864105701,0.009233676828444004,0.9911126671358943,0.1471137571200684,0.017648659646511078,0.01825786381959915,0.9823513403534889,0.14581328771527208,0.02674339897930622,0.02714751660823822,0.9732566010206938,0.14446332890873034,0.03516214340925217,0.03591484948992729,0.9648378565907478,0.1432137100062679,0.052537329494953156,0.05311966687440872,0.9474626705050468,0.14063466022667576,0.06970962136983871,0.06993452459573746,0.9302903786301613,0.13808572662927027,
42,language_model.model.layers.12.attention.wqkv,wqkv,attn_in,12,0.05480592460559716,0.17087150544674237,4095,0.035248368978500366,0.02398693934082985,0.9647516310214996,0.0528741051528912,0.06771842390298843,0.04399638995528221,0.9322815760970116,0.05109455377076011,0.09070499986410141,0.06174631044268608,0.9092950001358986,0.04983475322169452,0.11082985252141953,0.07815801352262497,0.8891701474785805,0.04873179206425879,0.1467575877904892,0.10855259746313095,0.8532424122095108,0.0467627393138523,0.17928412556648254,0.13681960105895996,0.8207158744335175,0.044980092336820106,
42,language_model.model.layers.12.feed_forward.w1,w1,mlp_in,12,0.0730605582334776,0.1251033354304772,4095,0.0175810344517231,0.010386734269559383,0.9824189655482769,0.07177607804211271,0.028225455433130264,0.020036784932017326,0.9717745445668697,0.07099839070313896,0.03805874288082123,0.0294533371925354,0.9619412571191788,0.0702799652329404,0.04836432263255119,0.038682322949171066,0.9516356773674488,0.0695270338233594,0.06702566891908646,0.05667857080698013,0.9329743310809135,0.0681636254462769,0.08541889488697052,0.07415523380041122,0.9145811051130295,0.06681980608934879,
42,language_model.model.layers.12.feed_forward.w3,w3,mlp_in,12,0.14783198540090237,0.1251033354304772,4095,0.009230213239789009,0.009210593067109585,0.990769786760211,0.14646746465199065,0.018351256847381592,0.018231524154543877,0.9816487431526184,0.14511908266655205,0.02710811235010624,0.027109289541840553,0.9728918876498938,0.14382453933171543,0.0359305813908577,0.03585231304168701,0.9640694186091423,0.14252029621728315,0.05311223119497299,0.053018923848867416,0.946887768805027,0.13998029881427776,0.0697064995765686,0.06979597359895706,0.9302935004234314,0.13752713517315107,
42,language_model.model.layers.13.attention.wqkv,wqkv,attn_in,13,0.045716324919830485,0.17087150544674237,4095,0.04708419367671013,0.017392108216881752,0.9529158063232899,0.043563808623117775,0.06703931093215942,0.03294176235795021,0.9329606890678406,0.04265153399885434,0.0865388736128807,0.04781821742653847,0.9134611263871193,0.04176008565554789,0.10221957415342331,0.0621490553021431,0.8977804258465767,0.04104322165466588,0.13349737226963043,0.08960171788930893,0.8665026277303696,0.03961331567320849,0.16048288345336914,0.11567206680774689,0.8395171165466309,0.03837963727580498,
42,language_model.model.layers.13.feed_forward.w1,w1,mlp_in,13,0.07538346967486034,0.1251033354304772,4095,0.01582198403775692,0.010846318677067757,0.9841780159622431,0.07419075362095397,0.027536669746041298,0.02044425532221794,0.9724633302539587,0.07330765996611299,0.038567233830690384,0.02980431728065014,0.9614327661693096,0.07247613777294125,0.048263777047395706,0.038982030004262924,0.9517362229526043,0.07174517870141377,0.0671604797244072,0.05688063055276871,0.9328395202755928,0.07032067968820642,0.08502034097909927,0.07427745312452316,0.9149796590209007,0.06897434137891613,
42,language_model.model.layers.13.feed_forward.w3,w3,mlp_in,13,0.14967584388412114,0.1251033354304772,4095,0.009618752636015415,0.009240962564945221,0.9903812473639846,0.14823614896621293,0.019210735335946083,0.0182871762663126,0.9807892646640539,0.1468004608610789,0.028059756383299828,0.027192724868655205,0.9719402436167002,0.14547597616826788,0.03660496696829796,0.03597462922334671,0.963395033031702,0.14419696456279077,0.05333612859249115,0.05320926010608673,0.9466638714075089,0.14169271382752802,0.07092709839344025,0.07004848122596741,0.9290729016065598,0.13905977057783087,
42,language_model.model.layers.14.attention.wqkv,wqkv,attn_in,14,0.05107723271231741,0.17087150544674237,4095,0.051563773304224014,0.01903313584625721,0.948436226695776,0.04844349786373238,0.0734967440366745,0.03569059818983078,0.9265032559633255,0.047323222413558554,0.09134763479232788,0.051563236862421036,0.9086523652076721,0.046411448312309894,0.10907549411058426,0.06682388484477997,0.8909245058894157,0.04550595831642009,0.14094355702400208,0.09584441781044006,0.8590564429759979,0.043878225850900676,0.17050500214099884,0.12327788025140762,0.8294949978590012,0.04236830903934743,
42,language_model.model.layers.14.feed_forward.w1,w1,mlp_in,14,0.06750813168952152,0.1251033354304772,4095,0.020902980118989944,0.012303436174988747,0.9790970198810101,0.0660970105549453,0.03439425677061081,0.022634567692875862,0.9656057432293892,0.0651862396740879,0.04560898616909981,0.03240346908569336,0.9543910138309002,0.06442915424499236,0.05660223960876465,0.04188527166843414,0.9433977603912354,0.06368702024409119,0.0765729546546936,0.06024283915758133,0.9234270453453064,0.062338834582836705,0.09565149247646332,0.07796584814786911,0.9043485075235367,0.06105087813912116,
42,language_model.model.layers.14.feed_forward.w3,w3,mlp_in,14,0.1451350107210478,0.1251033354304772,4095,0.009260962717235088,0.009385032579302788,0.9907390372827649,0.14379092079779468,0.018368195742368698,0.018490880727767944,0.9816318042576313,0.14246914243505282,0.027036674320697784,0.02744768001139164,0.9729633256793022,0.14121104270365187,0.03607835993170738,0.036268267780542374,0.9639216400682926,0.13989877756556163,0.05401540547609329,0.05357871204614639,0.9459845945239067,0.13729548426817326,0.07138969004154205,0.07049284130334854,0.928610309958458,0.13477386729149632,
42,language_model.model.layers.15.attention.wqkv,wqkv,attn_in,15,0.06331012639697164,0.17087150544674237,4095,0.039660949259996414,0.01905408501625061,0.9603390507400036,0.06079918668629739,0.06036815047264099,0.03531936556100845,0.939631849527359,0.05948821116019734,0.08065913617610931,0.05080548673868179,0.9193408638238907,0.058203586290591615,0.09849566221237183,0.06571606546640396,0.9015043377876282,0.05707435357275296,0.13171201944351196,0.09407252073287964,0.868287980556488,0.05497142179800252,0.16019275784492493,0.12096662819385529,0.8398072421550751,0.05316830264992998,
42,language_model.model.layers.15.feed_forward.w1,w1,mlp_in,15,0.0631054721954986,0.1251033354304772,4095,0.027433745563030243,0.012005663476884365,0.9725662544369698,0.06137425272765241,0.03915756195783615,0.02255081571638584,0.9608424380421638,0.06063441575812486,0.05054226890206337,0.032590314745903015,0.9494577310979366,0.05991597845060202,0.05994647741317749,0.04228627681732178,0.9400535225868225,0.05932252143188324,0.07943986356258392,0.060970600694417953,0.9205601364374161,0.058092382094235756,0.098846934735775,0.07892890274524689,0.901153065264225,0.05686768970391989,
42,language_model.model.layers.15.feed_forward.w3,w3,mlp_in,15,0.14550534634029616,0.1251033354304772,4095,0.009851176291704178,0.009305612184107304,0.9901488237082958,0.14407194752211244,0.018669337034225464,0.018403727561235428,0.9813306629657745,0.14278885798918747,0.028104808181524277,0.027361072599887848,0.9718951918184757,0.1414159464920159,0.03725910559296608,0.0361844003200531,0.9627408944070339,0.14008394727666196,0.05493716523051262,0.05348971486091614,0.9450628347694874,0.13751169508647634,0.07179313153028488,0.07041072845458984,0.9282068684697151,0.13505906187212763,
42,language_model.model.layers.16.attention.wqkv,wqkv,attn_in,16,0.05813406596334592,0.17087150544674237,4095,0.04291732609272003,0.017481345683336258,0.95708267390728,0.05563910729730131,0.0633382648229599,0.03282235935330391,0.9366617351770401,0.0544519550981241,0.07945393770933151,0.047516413033008575,0.9205460622906685,0.053515085507504064,0.09616704285144806,0.06174863874912262,0.9038329571485519,0.052543484750719925,0.12527751922607422,0.08907252550125122,0.8747224807739258,0.050851174396932985,0.15341371297836304,0.11507867276668549,0.846586287021637,0.04921550305337995,
42,language_model.model.layers.16.feed_forward.w1,w1,mlp_in,16,0.05706632166223198,0.1251033354304772,4095,0.024517778307199478,0.012220739386975765,0.9754822216928005,0.05566718223891004,0.039463285356760025,0.02329433336853981,0.96053671464324,0.05481429712621466,0.05243397131562233,0.03374281898140907,0.9475660286843777,0.05407410778910643,0.06362013518810272,0.04374322295188904,0.9363798648118973,0.05343575456339303,0.08529932051897049,0.06285297870635986,0.9147006794810295,0.052198603199926585,0.10546674579381943,0.0810910165309906,0.8945332542061806,0.05104772242209303,
42,language_model.model.layers.16.feed_forward.w3,w3,mlp_in,16,0.1470734181493621,0.1251033354304772,4095,0.00918482430279255,0.0093131298199296,0.9908151756972075,0.14572257464404906,0.0194581039249897,0.018430452793836594,0.9805418960750103,0.14421164829440833,0.028674166649580002,0.027396172285079956,0.97132583335042,0.14285621044762392,0.03727472573518753,0.0362296961247921,0.9627252742648125,0.14159129682490806,0.05482729524374008,0.053563352674245834,0.9451727047562599,0.13900978042998097,0.07167868316173553,0.07050073891878128,0.9283213168382645,0.13653138920832053,
42,language_model.model.layers.17.attention.wqkv,wqkv,attn_in,17,0.04572139529280972,0.17087150544674237,4095,0.02462356723845005,0.016199693083763123,0.97537643276155,0.044595571441581466,0.04239857941865921,0.030876893550157547,0.9576014205813408,0.043782873083355614,0.061233069747686386,0.044938184320926666,0.9387669302523136,0.04292173390588356,0.0769403949379921,0.05855164676904678,0.9230596050620079,0.042203573081864884,0.10901845246553421,0.08471040427684784,0.8909815475344658,0.04073691953342264,0.13612861931324005,0.10969468951225281,0.86387138068676,0.039497404878524656,
42,language_model.model.layers.17.feed_forward.w1,w1,mlp_in,17,0.058928192029555064,0.1251033354304772,4095,0.014184295199811459,0.011433137580752373,0.9858157048001885,0.05809233715821668,0.026274343952536583,0.022166455164551735,0.9737256560474634,0.05737989244366941,0.0373474545776844,0.0324469730257988,0.9626525454223156,0.056727374054386194,0.048309605568647385,0.04237531125545502,0.9516903944313526,0.05608139431573375,0.0689036101102829,0.06139996647834778,0.9310963898897171,0.05486782686144672,0.08893275260925293,0.07959835976362228,0.9110672473907471,0.05368754570608009,
42,language_model.model.layers.17.feed_forward.w3,w3,mlp_in,17,0.14784195425333893,0.1251033354304772,4095,0.009676963090896606,0.009309643879532814,0.9903230369091034,0.14641129311874335,0.01891685090959072,0.018412752076983452,0.9810831490904093,0.14504525004654598,0.0283370278775692,0.027370374649763107,0.9716629721224308,0.14365255267418775,0.037102069705724716,0.036198921501636505,0.9628979302942753,0.142356711761201,0.05523774027824402,0.05353701114654541,0.944762259721756,0.13967549878206495,0.07274514436721802,0.07047662138938904,0.927254855632782,0.13708716994764814,
42,language_model.model.layers.18.attention.wqkv,wqkv,attn_in,18,0.05923040599016683,0.17087150544674237,4095,0.027448948472738266,0.017822036519646645,0.9725510515272617,0.057604593628123375,0.05003117024898529,0.033976342529058456,0.9499688297510147,0.056267039464156274,0.07136080414056778,0.04931681975722313,0.9286391958594322,0.05500367658913622,0.08922304958105087,0.06410124897956848,0.9107769504189491,0.053945688539800404,0.12132616341114044,0.09228163212537766,0.8786738365888596,0.052044208074095655,0.1521172821521759,0.11901263892650604,0.8478827178478241,0.05022043761017269,
42,language_model.model.layers.18.feed_forward.w1,w1,mlp_in,18,0.0531062512385225,0.1251033354304772,4095,0.016306079924106598,0.011090194806456566,0.9836939200758934,0.052240296461357465,0.030823852866888046,0.021596625447273254,0.969176147133112,0.051469311964034294,0.04300646856427193,0.03175690025091171,0.9569935314357281,0.05082233891406666,0.053847894072532654,0.04163859412074089,0.9461521059274673,0.05024659144724124,0.07337348908185959,0.060731351375579834,0.9266265109181404,0.04920966029309428,0.09420415759086609,0.07909318804740906,0.9057958424091339,0.0481034215777886,
42,language_model.model.layers.18.feed_forward.w3,w3,mlp_in,18,0.14167438811995003,0.1251033354304772,4095,0.00919569842517376,0.009351016953587532,0.9908043015748262,0.14037159317222794,0.017969612032175064,0.018503637984395027,0.9820303879678249,0.13912855433053875,0.027272025123238564,0.027514861896634102,0.9727279748767614,0.1378106406478233,0.036819636821746826,0.03639888018369675,0.9631803631782532,0.13645798860243027,0.05547327175736427,0.053832150995731354,0.9445267282426357,0.13381524628671373,0.07228770107030869,0.07086668908596039,0.9277122989296913,0.13143307230221618,
42,language_model.model.layers.19.attention.wqkv,wqkv,attn_in,19,0.06214154953149056,0.17087150544674237,4095,0.030392007902264595,0.015962593257427216,0.9696079920977354,0.060252943067070526,0.04886341840028763,0.030375119298696518,0.9511365815997124,0.05910510099669113,0.06645563244819641,0.044243715703487396,0.9335443675518036,0.058011893556064426,0.08296128362417221,0.05771217495203018,0.9170387163758278,0.056986206815963024,0.11214305460453033,0.08367110043764114,0.8878569453954697,0.05517280634917048,0.13882800936698914,0.10850483179092407,0.8611719906330109,0.05351456191105357,
42,language_model.model.layers.19.feed_forward.w1,w1,mlp_in,19,0.05093417372229565,0.1251033354304772,4095,0.016169069334864616,0.011772679165005684,0.9838309306651354,0.050110615535865814,0.028994066640734673,0.021873341873288155,0.9710059333592653,0.04945738489510065,0.04000584036111832,0.031683772802352905,0.9599941596388817,0.04889650929943602,0.04980773478746414,0.04126349091529846,0.9501922652125359,0.048397257905916924,0.07150561362504959,0.05983959883451462,0.9284943863749504,0.047292094375798024,0.08979032933712006,0.07779441028833389,0.9102096706628799,0.04636077748925664,
42,language_model.model.layers.19.feed_forward.w3,w3,mlp_in,19,0.07736844747701185,0.1251033354304772,4095,0.06260444968938828,0.061960894614458084,0.9373955503106117,0.07252483839939118,0.07105876505374908,0.07061862200498581,0.9289412349462509,0.07187074114516954,0.07999108731746674,0.07913297414779663,0.9200089126825333,0.07117966123926137,0.08950252085924149,0.0875263661146164,0.9104974791407585,0.07044377639285347,0.10662025213241577,0.10398368537425995,0.8933797478675842,0.06911940409991928,0.1232847273349762,0.12007450312376022,0.8767152726650238,0.06783009952547803,
42,language_model.model.layers.2.attention.wqkv,wqkv,attn_in,2,0.029716913710128787,0.17087150544674237,4095,0.058610159903764725,0.025397172197699547,0.9413898400962353,0.027975200645731762,0.08695127069950104,0.044338323175907135,0.913048729300499,0.027132990301765664,0.11007312685251236,0.061831917613744736,0.8899268731474876,0.026445880097648616,0.13463455438613892,0.07841134071350098,0.8653654456138611,0.025715990275034257,0.17225530743598938,0.10972510278224945,0.8277446925640106,0.024598017602941783,0.20494161546230316,0.13908952474594116,0.7950583845376968,0.023626681407821128,
42,language_model.model.layers.2.feed_forward.w1,w1,mlp_in,2,0.1372258487959235,0.1251033354304772,4095,0.00948597863316536,0.009800557047128677,0.9905140213668346,0.1359241273263274,0.01880371756851673,0.018857834860682487,0.9811962824314833,0.13464549269206497,0.028154656291007996,0.02773718722164631,0.971845343708992,0.13336230218883244,0.037061721086502075,0.03648553043603897,0.9629382789134979,0.13214002266199049,0.053853485733270645,0.05362505838274956,0.9461465142667294,0.1298357585055563,0.06982316076755524,0.07036120444536209,0.9301768392324448,0.12764430629398152,
42,language_model.model.layers.2.feed_forward.w2,w2,mlp_out,2,0.13232384945939574,0.13297246195124704,4096,0.020279403775930405,0.01293389592319727,0.9797205962240696,0.12964040068702323,0.031102551147341728,0.02284594252705574,0.9688974488526583,0.12820824016357174,0.04118628799915314,0.03242748603224754,0.9588137120008469,0.12687392128640448,0.050634246319532394,0.04174649342894554,0.9493657536804676,0.12562373107191996,0.06874921917915344,0.059792112559080124,0.9312507808208466,0.12322668813028244,0.08616936951875687,0.07717012614011765,0.9138306304812431,0.12092158677918471,
42,language_model.model.layers.20.attention.wqkv,wqkv,attn_in,20,0.06529981392856142,0.17087150544674237,4095,0.025244250893592834,0.014868452213704586,0.9747557491064072,0.06365136904244388,0.04115007817745209,0.02883414924144745,0.9588499218225479,0.06261272148042804,0.055965978652238846,0.04237433150410652,0.9440340213477612,0.061645245936240385,0.07040248811244965,0.05558019503951073,0.9295975118875504,0.0607025445547107,0.10075583308935165,0.08110387623310089,0.8992441669106483,0.05872047677560956,0.12854377925395966,0.10562331974506378,0.8714562207460403,0.05690592906160378,
42,language_model.model.layers.20.feed_forward.w1,w1,mlp_in,20,0.05210967722624931,0.1251033354304772,4095,0.017131775617599487,0.010260490700602531,0.9828682243824005,0.05121694592850368,0.030052000656723976,0.020071012899279594,0.969947999343276,0.05054367717202439,0.04106235131621361,0.029637182131409645,0.9589376486837864,0.04996993135301057,0.051263477653265,0.03900707885622978,0.948736522346735,0.04943835395224263,0.07093082368373871,0.05722533166408539,0.9290691763162613,0.04841349489869769,0.09222542494535446,0.0748826339840889,0.9077745750546455,0.04730384010029321,
42,language_model.model.layers.20.feed_forward.w2,w2,mlp_out,20,0.13371626852428117,0.13297246195124704,4096,0.012669493444263935,0.010405775159597397,0.9873305065557361,0.13202215113682136,0.02172129414975643,0.01935109868645668,0.9782787058502436,0.13081177812305744,0.030454343184828758,0.028153391554951668,0.9695456568151712,0.129644027393248,0.03903186693787575,0.036833785474300385,0.9609681330621243,0.12849707292381216,0.056401342153549194,0.05388081818819046,0.9435986578464508,0.12617449151174734,0.0732443556189537,0.07055314630270004,0.9267556443810463,0.12392230660044921,
42,language_model.model.layers.20.feed_forward.w3,w3,mlp_in,20,0.15214860318468915,0.1251033354304772,4095,0.00912432000041008,0.009315974079072475,0.9908756799995899,0.15076035064161664,0.018658025190234184,0.018438013270497322,0.9813419748097658,0.14930981071381028,0.0271360594779253,0.027420619502663612,0.9728639405220747,0.14801988963918616,0.036724526435136795,0.03627331927418709,0.9632754735648632,0.1465610177849639,0.05476827174425125,0.05362904816865921,0.9452317282557487,0.14381568713996185,0.07244791835546494,0.0705874040722847,0.9275520816445351,0.14112575360326676,
42,language_model.model.layers.21.attention.wqkv,wqkv,attn_in,21,0.06307123103388934,0.17087150544674237,4095,0.025757471099495888,0.015324125997722149,0.9742425289005041,0.06144667562332431,0.042866356670856476,0.029176339507102966,0.9571336433291435,0.06036759714872065,0.05719420313835144,0.04258165508508682,0.9428057968616486,0.05946392223395118,0.07310004532337189,0.055643852800130844,0.9268999546766281,0.05846072118671117,0.10190240293741226,0.08090410381555557,0.8980975970625877,0.056644121035315326,0.12932847440242767,0.10519272834062576,0.8706715255975723,0.05491432494559338,
42,language_model.model.layers.21.feed_forward.w1,w1,mlp_in,21,0.04722086111851067,0.1251033354304772,4095,0.017985397949814796,0.010130837559700012,0.9820146020501852,0.04637157513976132,0.028867363929748535,0.019855951890349388,0.9711326360702515,0.04585771933552651,0.03895748034119606,0.029348185285925865,0.9610425196588039,0.04538125534979194,0.048483412712812424,0.038658544421195984,0.9515165872871876,0.04493143262024752,0.06788479536771774,0.05679154768586159,0.9321152046322823,0.04401528262439315,0.08677949756383896,0.07437621057033539,0.913220502436161,0.0431230585161145,
42,language_model.model.layers.21.feed_forward.w2,w2,mlp_out,21,0.12538277680131843,0.13297246195124704,4096,0.012812021188437939,0.010366643778979778,0.9871879788115621,0.12377637000827475,0.02165060304105282,0.01934591680765152,0.9783493969589472,0.12266816407260815,0.030880248174071312,0.02818203531205654,0.9691197518259287,0.12151092553693953,0.040043674409389496,0.03689662739634514,0.9599563255906105,0.12036198971054128,0.05763793736696243,0.05401657149195671,0.9423620626330376,0.11815597216514821,0.07451191544532776,0.07075218111276627,0.9254880845546722,0.11604026593799818,
42,language_model.model.layers.21.feed_forward.w3,w3,mlp_in,21,0.15785056602821043,0.1251033354304772,4095,0.00873066857457161,0.009296628646552563,0.9912693314254284,0.15647242505190959,0.01783285103738308,0.018397582694888115,0.9821671489626169,0.15503564039806275,0.02717645652592182,0.027347570285201073,0.9728235434740782,0.1535607469829526,0.03648972511291504,0.03616807609796524,0.963510274887085,0.152090642264923,0.0535275861620903,0.05347011610865593,0.9464724138379097,0.14940120625440068,0.0707881823182106,0.07037682086229324,0.9292118176817894,0.14667661138117274,
42,language_model.model.layers.22.attention.wqkv,wqkv,attn_in,22,0.06824306396838573,0.17087150544674237,4095,0.019783077761530876,0.01417344156652689,0.9802169222384691,0.06689300612721402,0.034867044538259506,0.027543695643544197,0.9651329554617405,0.06586363001757273,0.04961593821644783,0.040555115789175034,0.9503840617835522,0.0648571203228292,0.06361553072929382,0.053269755095243454,0.9363844692707062,0.06390174523544372,0.08942344784736633,0.07793691009283066,0.9105765521526337,0.0621405338966643,0.11508335918188095,0.10173296183347702,0.884916640818119,0.06038942292603991,
42,language_model.model.layers.22.feed_forward.w1,w1,mlp_in,22,0.05294510615961695,0.1251033354304772,4095,0.01989103853702545,0.010103208012878895,0.9801089614629745,0.051891973012649105,0.03049691580235958,0.0198503490537405,0.9695030841976404,0.05133044371492012,0.041166022419929504,0.029353057965636253,0.9588339775800705,0.05076556673242461,0.05131284147500992,0.03865450248122215,0.9486871585249901,0.050228342320370954,0.07079172879457474,0.0567626915872097,0.9292082712054253,0.04919703056336538,0.08837215602397919,0.07429104298353195,0.9116278439760208,0.04826623297737314,
42,language_model.model.layers.22.feed_forward.w2,w2,mlp_out,22,0.1329976712617843,0.13297246195124704,4096,0.013204964809119701,0.010074356570839882,0.9867950351908803,0.13124144169307758,0.02250846102833748,0.019066190347075462,0.9774915389716625,0.13000409836132878,0.0317336730659008,0.027915215119719505,0.9682663269340992,0.1287771666434367,0.0407257005572319,0.03664086014032364,0.9592742994427681,0.1275812479271677,0.05781518667936325,0.05375995859503746,0.9421848133206367,0.12530838606986366,0.0745902881026268,0.07050266116857529,0.9254097118973732,0.12307733664538936,
42,language_model.model.layers.22.feed_forward.w3,w3,mlp_in,22,0.16175793577072048,0.1251033354304772,4095,0.008758746087551117,0.009289219975471497,0.9912412539124489,0.16034113908365832,0.01838657073676586,0.018369825556874275,0.9816134292632341,0.1587837620424389,0.02726803347468376,0.02730310894548893,0.9727319665253162,0.15734711496332873,0.036084990948438644,0.036111559718847275,0.9639150090515614,0.1559209021225959,0.05313536897301674,0.053405530750751495,0.9468646310269833,0.1531628681692297,0.06984592229127884,0.070307657122612,0.9301540777087212,0.15045980355888106,
42,language_model.model.layers.23.attention.wqkv,wqkv,attn_in,23,0.06810298790465458,0.17087150544674237,4095,0.023411143571138382,0.01483794767409563,0.9765888564288616,0.06650861907719521,0.042406655848026276,0.028298798948526382,0.9575933441519737,0.06521496793435959,0.058157894760370255,0.04136527702212334,0.9418421052396297,0.06414226150122891,0.07355561852455139,0.05410419777035713,0.9264443814754486,0.06309363050595766,0.10050852596759796,0.07880381494760513,0.899491474032402,0.061258056976368595,0.12766313552856445,0.10261109471321106,0.8723368644714355,0.059408746929882475,
42,language_model.model.layers.23.feed_forward.w1,w1,mlp_in,23,0.053349643581617284,0.1251033354304772,4095,0.015211953781545162,0.009829984977841377,0.9847880462184548,0.05253809126919182,0.02775612100958824,0.01934160105884075,0.9722438789904118,0.05186886441854751,0.03719928860664368,0.028650475665926933,0.9628007113933563,0.05136507479296313,0.04743904247879982,0.037789590656757355,0.9525609575212002,0.05081878757352011,0.06652597337961197,0.05562746524810791,0.933474026620388,0.049800506612894826,0.08568639308214188,0.07296804338693619,0.9143136069178581,0.04877830505089066,
42,language_model.model.layers.23.feed_forward.w2,w2,mlp_out,23,0.13046548435786198,0.13297246195124704,4096,0.01149942260235548,0.009874267503619194,0.9885005773976445,0.12896520661820993,0.020920809358358383,0.018886443227529526,0.9790791906416416,0.12773604083176526,0.030011173337697983,0.027761831879615784,0.969988826662302,0.12655006209221145,0.038739729672670364,0.03651530295610428,0.9612602703273296,0.1254112867622244,0.05647837370634079,0.05369623005390167,0.9435216262936592,0.12309700597651989,0.07347533106803894,0.07049628347158432,0.9265246689319611,0.12087948970171601,
42,language_model.model.layers.23.feed_forward.w3,w3,mlp_in,23,0.16535939594711466,0.1251033354304772,4095,0.009556046687066555,0.009289542213082314,0.9904439533129334,0.16377921383929891,0.01852276921272278,0.0183845367282629,0.9814772307872772,0.162296482018831,0.02755114994943142,0.027334285899996758,0.9724488500505686,0.1608035544338283,0.036620669066905975,0.036159172654151917,0.963379330933094,0.1593038242310319,0.05405869334936142,0.05347365140914917,0.9459413066506386,0.15642028306917394,0.07091887295246124,0.07038971781730652,0.9290811270475388,0.1536322939544455,
42,language_model.model.layers.24.attention.wqkv,wqkv,attn_in,24,0.07612079010772843,0.17087150544674237,4095,0.02449587918817997,0.01503119058907032,0.97550412081182,0.0742561444295407,0.04107651114463806,0.028704432770609856,0.9589234888553619,0.07299401362452967,0.0573810413479805,0.041949473321437836,0.9426189586520195,0.07175289990311592,0.07241848111152649,0.05485821142792702,0.9275815188884735,0.07060823810711743,0.10058122128248215,0.0798516795039177,0.8994187787175179,0.06846446807370563,0.1268635392189026,0.10390541702508926,0.8731364607810974,0.06646383726652277,
42,language_model.model.layers.24.feed_forward.w1,w1,mlp_in,24,0.049561560770671885,0.1251033354304772,4095,0.013598262332379818,0.009828928858041763,0.9864017376676202,0.048887609665710104,0.025452034547924995,0.019344530999660492,0.974547965452075,0.04830011821368766,0.03524080291390419,0.028646517544984818,0.9647591970860958,0.04781497157544715,0.044941388070583344,0.03777934983372688,0.9550586119294167,0.04733419543469332,0.06421269476413727,0.05563360080122948,0.9357873052358627,0.04637907939687049,0.08274496346712112,0.07299385219812393,0.9172550365328789,0.04546059123532914,
42,language_model.model.layers.24.feed_forward.w2,w2,mlp_out,24,0.1261472569608048,0.13297246195124704,4096,0.01126000564545393,0.009991724044084549,0.9887399943545461,0.12472683813526762,0.02051519602537155,0.019057882949709892,0.9794848039746284,0.12355932125619098,0.029362395405769348,0.02797679789364338,0.9706376045942307,0.12244327132256846,0.03851718828082085,0.03676378354430199,0.9614828117191792,0.1212884193133364,0.056034933775663376,0.05402267351746559,0.9439650662243366,0.11907860377102453,0.07303762435913086,0.07088439911603928,0.9269623756408691,0.11693376099296679,
42,language_model.model.layers.24.feed_forward.w3,w3,mlp_in,24,0.1668633875771484,0.1251033354304772,4095,0.009525734931230545,0.009303344413638115,0.9904742650687695,0.16527389117736127,0.018868738785386086,0.01840798370540142,0.9811312612146139,0.16371488590411054,0.02778416872024536,0.027362819761037827,0.9722158312797546,0.1622272270634732,0.0367642305791378,0.03618885949254036,0.9632357694208622,0.16072878352104605,0.05490303039550781,0.053499456495046616,0.9450969696044922,0.1577020819371028,0.07175518572330475,0.07041554898023605,0.9282448142766953,0.15489007421113032,
42,language_model.model.layers.25.attention.wqkv,wqkv,attn_in,25,0.08507687838204397,0.17087150544674237,4095,0.03751567006111145,0.016823410987854004,0.9624843299388885,0.0818851622828339,0.05661940574645996,0.03116236999630928,0.94338059425354,0.0802598760852888,0.07200275361537933,0.04494672641158104,0.9279972463846207,0.07895110886953607,0.08666639775037766,0.05831989273428917,0.9133336022496223,0.07770357180082524,0.1149689331650734,0.08407790213823318,0.8850310668349266,0.07529568043744568,0.1411973237991333,0.10876016318798065,0.8588026762008667,0.07306425083731503,
42,language_model.model.layers.25.feed_forward.w1,w1,mlp_in,25,0.04983737808277307,0.1251033354304772,4095,0.013359339907765388,0.009715297259390354,0.9866406600922346,0.049171583608853486,0.02573220245540142,0.01910274289548397,0.9742677975445986,0.048554952580100764,0.03619629889726639,0.02829870395362377,0.9638037011027336,0.04803344944943294,0.04542306438088417,0.03732961416244507,0.9545769356191158,0.0475736116495448,0.06350933015346527,0.055009033530950546,0.9364906698465347,0.04667223958413116,0.0817444697022438,0.07222514599561691,0.9182555302977562,0.045763448040046555,
42,language_model.model.layers.25.feed_forward.w2,w2,mlp_out,25,0.12244033539124118,0.13297246195124704,4096,0.014268284663558006,0.010049475356936455,0.985731715336442,0.12069332183157742,0.023689651861786842,0.01912003383040428,0.9763103481382132,0.11953976647198225,0.03283166140317917,0.028047241270542145,0.9671683385968208,0.11842041575758425,0.041734471917152405,0.03684539347887039,0.9582655280828476,0.1173303526523287,0.059238385409116745,0.05411669239401817,0.9407616145908833,0.11518716761371331,0.0761900544166565,0.07099501043558121,0.9238099455833435,0.11311159957498884,
42,language_model.model.layers.26.attention.wqkv,wqkv,attn_in,26,0.07541539074443385,0.17087150544674237,4095,0.020744068548083305,0.015486665070056915,0.9792559314519167,0.07385096870925083,0.038250964134931564,0.029854750260710716,0.9617490358650684,0.07253067933784665,0.055170658975839615,0.04373638704419136,0.9448293410241604,0.071254673940143,0.07160890847444534,0.05723363533616066,0.9283910915255547,0.07001497693105115,0.10087329894304276,0.08329637348651886,0.8991267010569572,0.06780799148896419,0.12651866674423218,0.10824526101350784,0.8734813332557678,0.06587393605545278,
42,language_model.model.layers.26.feed_forward.w1,w1,mlp_in,26,0.05181612607154314,0.1251033354304772,4095,0.011148066259920597,0.009697462432086468,0.9888519337400794,0.051238476464765176,0.021802430972456932,0.019092746078968048,0.9781975690275431,0.05068640855960819,0.03277489170432091,0.028304239735007286,0.9672251082956791,0.05011785815101087,0.04227214679121971,0.03735629841685295,0.9577278532087803,0.049625747184094515,0.060393936932086945,0.055058274418115616,0.939606063067913,0.0486867462215133,0.07838399708271027,0.0722915306687355,0.9216160029172897,0.04775457099671395,
42,language_model.model.layers.26.feed_forward.w2,w2,mlp_out,26,0.125848302028153,0.13297246195124704,4096,0.015232246369123459,0.010192306712269783,0.9847677536308765,0.12393134968652432,0.024437060579657555,0.019277937710285187,0.9755629394203424,0.12277293944764399,0.033397357910871506,0.028224283829331398,0.9666026420891285,0.12164530124284333,0.04225001484155655,0.03704846650362015,0.9577499851584435,0.12053120939967885,0.059695109724998474,0.05436539277434349,0.9403048902750015,0.11833577382987766,0.076781265437603,0.07129453122615814,0.923218734562397,0.11618551014525776,
42,language_model.model.layers.26.feed_forward.w3,w3,mlp_in,26,0.16667904055681254,0.1251033354304772,4095,0.009840954095125198,0.009309482760727406,0.9901590459048748,0.16503875977007343,0.018765820190310478,0.01840297505259514,0.9812341798096895,0.16355117165222993,0.02769019454717636,0.027348341420292854,0.9723098054528236,0.1620636654968577,0.03645150735974312,0.03616595268249512,0.9635484926402569,0.16060333828324097,0.05559886619448662,0.053475987166166306,0.9444011338055134,0.15741187488346892,0.07266755402088165,0.07038550078868866,0.9273324459791183,0.15456688237300165,
42,language_model.model.layers.27.attention.wqkv,wqkv,attn_in,27,0.07515655352156209,0.17087150544674237,4095,0.021276265382766724,0.014796572737395763,0.9787237346172333,0.07355750274358322,0.03663971275091171,0.02826128713786602,0.9633602872490883,0.07240283898918352,0.052596937865018845,0.04136418551206589,0.9474030621349812,0.07120354894583952,0.0675441175699234,0.0541662760078907,0.9324558824300766,0.07008017043435145,0.09550509601831436,0.07897160947322845,0.9044949039816856,0.06797871966107971,0.12100512534379959,0.10289120674133301,0.8789948746562004,0.06606222534227749,
42,language_model.model.layers.27.feed_forward.w1,w1,mlp_in,27,0.047363042949575496,0.1251033354304772,4095,0.010479588061571121,0.009696095250546932,0.9895204119384289,0.046866697770121445,0.020666155964136124,0.019114257767796516,0.9793338440358639,0.04638423091704349,0.030032310634851456,0.028341002762317657,0.9699676893651485,0.045940621331102036,0.039279043674468994,0.03740755468606949,0.960720956325531,0.045502667917003366,0.05918847396969795,0.055122293531894684,0.940811526030302,0.04455969671482886,0.07635002583265305,0.0723731517791748,0.923649974167347,0.043746873396862354,
42,language_model.model.layers.27.feed_forward.w2,w2,mlp_out,27,0.11977634753182455,0.13297246195124704,4096,0.014277820475399494,0.010045134462416172,0.9857221795246005,0.11806620234456609,0.023475516587495804,0.019117984920740128,0.9765244834125042,0.11696453589855153,0.03267786651849747,0.028040673583745956,0.9673221334815025,0.11586231203510643,0.04160685837268829,0.036835066974163055,0.9583931416273117,0.11479283000367003,0.05922483280301094,0.05411199852824211,0.9407751671969891,0.11268261337549691,0.07643972337245941,0.07100621610879898,0.9235602766275406,0.11062067665992832,
42,language_model.model.layers.27.feed_forward.w3,w3,mlp_in,27,0.1555361936605443,0.1251033354304772,4095,0.009625151753425598,0.00944274291396141,0.9903748482465744,0.15403913419341136,0.01878018118441105,0.01861322671175003,0.981219818815589,0.15261519576286564,0.027283374220132828,0.027620842680335045,0.9727166257798672,0.15129264148412863,0.0363493449985981,0.03649936243891716,0.9636506550014019,0.1498825548974084,0.05497981607913971,0.053915463387966156,0.9450201839208603,0.14698484233943812,0.07202950119972229,0.07092544436454773,0.9279704988002777,0.1443329992126719,
42,language_model.model.layers.28.attention.wqkv,wqkv,attn_in,28,0.07367655677344073,0.17087150544674237,4095,0.022387733682990074,0.01957162842154503,0.9776122663170099,0.07202710564171724,0.042644720524549484,0.03758840635418892,0.9573552794754505,0.07053464060062625,0.06250373274087906,0.05471213161945343,0.9374962672591209,0.06907149695960539,0.0807381197810173,0.07108713686466217,0.9192618802189827,0.06772805010761375,0.11603891849517822,0.10190996527671814,0.8839610815048218,0.06512720880700207,0.14982476830482483,0.13056454062461853,0.8501752316951752,0.06263798372536271,
42,language_model.model.layers.28.feed_forward.w1,w1,mlp_in,28,0.04006068453183518,0.1251033354304772,4095,0.016643712297081947,0.010101947002112865,0.983356287702918,0.03939392602406316,0.0273420549929142,0.01980273798108101,0.9726579450070858,0.038965343092311956,0.039051663130521774,0.029255488887429237,0.9609483368694782,0.038496248174719847,0.04934863746166229,0.03852330520749092,0.9506513625383377,0.03808374433440762,0.069254070520401,0.056590739637613297,0.930745929479599,0.03728631906017193,0.08751502633094788,0.0741371214389801,0.9124849736690521,0.03655477267019583,
42,language_model.model.layers.28.feed_forward.w2,w2,mlp_out,28,0.10960384985917801,0.13297246195124704,4096,0.013937129639089108,0.010490856133401394,0.9860628703609109,0.10807628679474739,0.02302989736199379,0.019587097689509392,0.9769701026380062,0.10707968444644177,0.032160256057977676,0.028531929478049278,0.9678397439420223,0.1060789619827667,0.04112456366419792,0.0373510867357254,0.9588754363358021,0.10509643935780305,0.05973014608025551,0.0546574704349041,0.9402698539197445,0.10305719589613091,0.07719763368368149,0.0715649425983429,0.9228023663163185,0.10114269200742797,
42,language_model.model.layers.28.feed_forward.w3,w3,mlp_in,28,0.13547011088582941,0.1251033354304772,4095,0.010006514377892017,0.010054477490484715,0.989993485622108,0.13411452727347573,0.01915721781551838,0.019463377073407173,0.9808427821844816,0.13287488046409715,0.02866724506020546,0.02866682969033718,0.9713327549397945,0.13158655601873215,0.03837001323699951,0.03771480545401573,0.9616299867630005,0.13027212093792234,0.056331291794776917,0.05541107803583145,0.9436687082052231,0.12783890454004898,0.07428357005119324,0.07266581803560257,0.9257164299488068,0.12540690741399899,
42,language_model.model.layers.29.attention.wqkv,wqkv,attn_in,29,0.0741699808346008,0.17087150544674237,4095,0.025500640273094177,0.01930045895278454,0.9744993597269058,0.07227859883427536,0.0423719547688961,0.037234969437122345,0.9576280452311039,0.07102725376146721,0.06070951372385025,0.054353978484869,0.9392904862761497,0.0696671573652249,0.07646222412586212,0.07078003883361816,0.9235377758741379,0.06849877913661466,0.10771161317825317,0.10190573334693909,0.8922883868217468,0.06618101254950583,0.13665500283241272,0.13112333416938782,0.8633449971675873,0.06403428189356843,
42,language_model.model.layers.29.feed_forward.w1,w1,mlp_in,29,0.040022207561418915,0.1251033354304772,4095,0.01241209451109171,0.010110151022672653,0.9875879054889083,0.039525448138624054,0.02330906316637993,0.019745005294680595,0.9766909368336201,0.039089327397311836,0.033601731061935425,0.029149862006306648,0.9663982689380646,0.03867739210643516,0.043338652700185776,0.0383797362446785,0.9566613472998142,0.03828769900761983,0.06268378347158432,0.05640484765172005,0.9373162165284157,0.03751346416858413,0.0821966826915741,0.07392748445272446,0.9178033173084259,0.03673251486587665,
42,language_model.model.layers.29.feed_forward.w2,w2,mlp_out,29,0.10068492786756782,0.13297246195124704,4096,0.01640089601278305,0.010768294334411621,0.983599103987217,0.09903360483555727,0.025880219414830208,0.019893266260623932,0.9741197805851698,0.0980791798425888,0.034965645521879196,0.028861796483397484,0.9650343544781208,0.09716441437035446,0.043977268040180206,0.037684712558984756,0.9560227319598198,0.09625707980712958,0.06124052777886391,0.05499966815114021,0.9387594722211361,0.09451892974558113,0.07944569736719131,0.07193645089864731,0.9205543026328087,0.09268594355876354,
42,language_model.model.layers.29.feed_forward.w3,w3,mlp_in,29,0.10884767068988604,0.1251033354304772,4095,0.014537245035171509,0.013922232203185558,0.9854627549648285,0.10726532542955952,0.023715689778327942,0.023646574467420578,0.9762843102216721,0.1062662730987111,0.0339273065328598,0.03308568149805069,0.9660726934671402,0.10515476240100251,0.043540921062231064,0.04233603924512863,0.9564590789377689,0.10410834285257,0.06150086224079132,0.06037279590964317,0.9384991377592087,0.10215344508955634,0.07896415889263153,0.07789351791143417,0.9210358411073685,0.10025260592643705,
42,language_model.model.layers.3.attention.wqkv,wqkv,attn_in,3,0.01876207786097008,0.17087150544674237,4095,0.07448657602071762,0.01985131949186325,0.9255134239792824,0.017364554922072308,0.10073694586753845,0.036870863288640976,0.8992630541324615,0.016872043439126995,0.11957505345344543,0.05315996706485748,0.8804249465465546,0.016518601397846878,0.13769488036632538,0.06890276074409485,0.8623051196336746,0.01617863579448012,0.17278552055358887,0.09895068407058716,0.8272144794464111,0.015520262471095399,0.20244993269443512,0.1274183839559555,0.7975500673055649,0.014963696460808935,
42,language_model.model.layers.3.feed_forward.w1,w1,mlp_in,3,0.1374365214102748,0.1251033354304772,4095,0.00963861495256424,0.0094487015157938,0.9903613850474358,0.13611182369998132,0.01917959749698639,0.018508216366171837,0.9808204025030136,0.13480054424823976,0.02765144594013691,0.02740384265780449,0.9723485540598631,0.1336362028682981,0.03641312196850777,0.036159586161375046,0.9635868780314922,0.13243202859323502,0.05336323752999306,0.05332102254033089,0.9466367624700069,0.13010246367296233,0.07036998122930527,0.07007930427789688,0.9296300187706947,0.12776511597841275,
42,language_model.model.layers.30.attention.wqkv,wqkv,attn_in,30,0.07478646794284338,0.17087150544674237,4095,0.02405243180692196,0.02336183749139309,0.975947568193078,0.07298767152256759,0.047364432364702225,0.045042525976896286,0.9526355676352978,0.07124424934016961,0.07160509377717972,0.0654839426279068,0.9283949062228203,0.06943137589253204,0.08991479128599167,0.08487293124198914,0.9100852087140083,0.06806205828674611,0.12611441314220428,0.12092987447977066,0.8738855868577957,0.06535481642725341,0.15665455162525177,0.15362906455993652,0.8433454483747482,0.06307082733962098,
42,language_model.model.layers.30.feed_forward.w1,w1,mlp_in,30,0.040220343410817434,0.1251033354304772,4095,0.017479168251156807,0.013481206260621548,0.9825208317488432,0.03951732526122045,0.02725503407418728,0.022930731996893883,0.9727449659258127,0.03912413658068009,0.03698007017374039,0.032168544828891754,0.9630199298262596,0.03873299228907347,0.047354232519865036,0.04123346135020256,0.952645767480135,0.03831573991691276,0.06458631157875061,0.05894703418016434,0.9354136884212494,0.03762265977948203,0.08258230239152908,0.07619503140449524,0.9174176976084709,0.036898854848974164,
42,language_model.model.layers.30.feed_forward.w2,w2,mlp_out,30,0.07165392438085362,0.13297246195124704,4096,0.030331725254654884,0.01119329035282135,0.9696682747453451,0.06948053723311576,0.04133117198944092,0.020555639639496803,0.9586688280105591,0.06869238370855016,0.0506926067173481,0.029657185077667236,0.9493073932826519,0.06802160017246041,0.06021890789270401,0.03858727216720581,0.939781092107296,0.06733900330841222,0.07937344163656235,0.056058160960674286,0.9206265583634377,0.06596650579597928,0.09728864580392838,0.07308073341846466,0.9027113541960716,0.06468281111130328,
42,language_model.model.layers.30.feed_forward.w3,w3,mlp_in,30,0.08343450387650525,0.1251033354304772,4095,0.17156273126602173,0.19834469258785248,0.8284372687339783,0.06912025250962653,0.18156594038009644,0.20753440260887146,0.8184340596199036,0.06828563972002077,0.18944565951824188,0.2157362550497055,0.8105543404817581,0.0676281992630434,0.1983405202627182,0.2236189991235733,0.8016594797372818,0.06688606096977742,0.21454650163650513,0.23882505297660828,0.7854534983634949,0.06553392295402362,0.2299427092075348,0.25347900390625,0.7700572907924652,0.06424934801375506,
42,language_model.model.layers.31.attention.wqkv,wqkv,attn_in,31,0.07050787186307496,0.17087150544674237,4095,0.023029394447803497,0.022561408579349518,0.9769706055521965,0.06888411827026501,0.04388592764735222,0.04364876449108124,0.9561140723526478,0.06741356849992328,0.06344319134950638,0.06375878304243088,0.9365568086504936,0.06603462745681941,0.0829818844795227,0.08301190286874771,0.9170181155204773,0.06465699578523629,0.12124978005886078,0.11940460652112961,0.8787502199411392,0.06195880790725878,0.15492035448551178,0.15327222645282745,0.8450796455144882,0.059584767360028344,
42,language_model.model.layers.31.feed_forward.w1,w1,mlp_in,31,0.03427338957349851,0.1251033354304772,4095,0.01737227477133274,0.009929822757840157,0.9826277252286673,0.03367798283248276,0.02734551392495632,0.019345896318554878,0.9726544860750437,0.03333616612166095,0.03694368898868561,0.02855149284005165,0.9630563110113144,0.03300720412850712,0.04742980748414993,0.03759011626243591,0.9525701925158501,0.0326478093041982,0.06669212132692337,0.05525830388069153,0.9333078786730766,0.031987624517777834,0.08299853652715683,0.0724693313241005,0.9170014634728432,0.03142874839707301,
42,language_model.model.layers.31.feed_forward.w2,w2,mlp_out,31,0.02806158977444199,0.13297246195124704,4096,0.3877005875110626,0.021258488297462463,0.6122994124889374,0.017182094932396405,0.40764230489730835,0.03431703522801399,0.5923576951026917,0.01662249863970572,0.42247915267944336,0.04605451598763466,0.5775208473205566,0.016206153103697607,0.43474459648132324,0.056958794593811035,0.5652554035186768,0.01586196525132778,0.46049177646636963,0.07732048630714417,0.5395082235336304,0.015139458448738687,0.47860977053642273,0.0964723452925682,0.5213902294635773,0.014631038731609083,
42,language_model.model.layers.31.feed_forward.w3,w3,mlp_in,31,0.056607463366720505,0.1251033354304772,4095,0.015226184390485287,0.01571924053132534,0.9847738156095147,0.055745547691621176,0.027501743286848068,0.02645573765039444,0.9724982567131519,0.0550506594410893,0.037230003625154495,0.036727651953697205,0.9627699963748455,0.0544999673003667,0.04796657711267471,0.046728286892175674,0.9520334228873253,0.0538921971099878,0.06942068040370941,0.06610456854104996,0.9305793195962906,0.052677734743874716,0.08660443127155304,0.08483096957206726,0.913395568728447,0.0517050061961204,
42,language_model.model.layers.4.attention.wqkv,wqkv,attn_in,4,0.02868314857675877,0.17087150544674237,4095,0.07863488048315048,0.02188626118004322,0.9213651195168495,0.026427652616544898,0.10514651983976364,0.04062255099415779,0.8948534801602364,0.025667215325865717,0.1275574415922165,0.05808558315038681,0.8724425584077835,0.025024399527497996,0.14678338170051575,0.07470782101154327,0.8532166182994843,0.024472939030843785,0.18088601529598236,0.1059667319059372,0.8191139847040176,0.02349476812456625,0.21154966950416565,0.1352023035287857,0.7884503304958344,0.022615237975006575,
42,language_model.model.layers.4.feed_forward.w1,w1,mlp_in,4,0.12396165534323023,0.1251033354304772,4095,0.010474162176251411,0.00948004424571991,0.9895258378237486,0.12266326086152865,0.01996353641152382,0.01858983188867569,0.9800364635884762,0.12148694232315288,0.02939421683549881,0.0275293979793787,0.9706057831645012,0.12031789956678395,0.038262538611888885,0.036334890872240067,0.9617374613881111,0.11921856771926621,0.05619513988494873,0.05359659716486931,0.9438048601150513,0.11699561278084761,0.07369256764650345,0.07045046985149384,0.9263074323534966,0.11482660267127669,
42,language_model.model.layers.5.attention.wqkv,wqkv,attn_in,5,0.040612968849380045,0.17087150544674237,4095,0.06147870048880577,0.02120022661983967,0.9385212995111942,0.03811613630152781,0.08521834760904312,0.039252568036317825,0.9147816523909569,0.037151998752538336,0.10534393787384033,0.05626142397522926,0.8946560621261597,0.03633463878203874,0.12375517934560776,0.072517029941082,0.8762448206543922,0.035586903605667436,0.15571333467960358,0.10317995399236679,0.8442866653203964,0.034288988038604216,0.18733000755310059,0.13199783861637115,0.8126699924468994,0.033004941088071844,
42,language_model.model.layers.5.feed_forward.w1,w1,mlp_in,5,0.1106980390417732,0.1251033354304772,4095,0.009453645907342434,0.009299201890826225,0.9905463540926576,0.1096515389780351,0.01854151487350464,0.018365412950515747,0.9814584851264954,0.10864552970441235,0.02746155858039856,0.02728026732802391,0.9725384414196014,0.10765809835789229,0.03704250231385231,0.0360630638897419,0.9629574976861477,0.1065975066744294,0.054365139454603195,0.05329744517803192,0.9456348605453968,0.10467992471191609,0.07117043435573578,0.07013452798128128,0.9288295656442642,0.102819611520842,
42,language_model.model.layers.6.attention.wqkv,wqkv,attn_in,6,0.038714739043813534,0.17087150544674237,4095,0.06419702619314194,0.020136849954724312,0.9358029738068581,0.03622936792735718,0.08654408156871796,0.037275172770023346,0.913455918431282,0.03536420751009411,0.10754308849573135,0.0535094179213047,0.8924569115042686,0.03455123643673555,0.12396658211946487,0.06912008672952652,0.8760334178805351,0.03391540516690497,0.157858744263649,0.098809152841568,0.842141255736351,0.032603278953862266,0.18971431255340576,0.1268756240606308,0.8102856874465942,0.03136999894043195,
42,language_model.model.layers.6.feed_forward.w1,w1,mlp_in,6,0.10130432031806968,0.1251033354304772,4095,0.011075587011873722,0.009545613080263138,0.9889244129881263,0.10018231550370818,0.021286532282829285,0.01880669966340065,0.9787134677171707,0.09914790263322902,0.03088095597922802,0.027891915291547775,0.969119044020772,0.09817594606182176,0.04012265428900719,0.036824848502874374,0.9598773457109928,0.09723972209596493,0.05749516189098358,0.0543246790766716,0.9425048381090164,0.09547981202112621,0.07570105046033859,0.07138002663850784,0.9242989495396614,0.09363547685382119,
42,language_model.model.layers.7.attention.wqkv,wqkv,attn_in,7,0.04925177312839836,0.17087150544674237,4095,0.06352769583463669,0.028689103201031685,0.9364723041653633,0.04612292146578094,0.09309650957584381,0.051005542278289795,0.9069034904241562,0.04466660495972313,0.12113415449857712,0.06998516619205475,0.8788658455014229,0.043285701232934085,0.14277587831020355,0.0871531069278717,0.8572241216897964,0.042219807961656405,0.17935578525066376,0.11868375539779663,0.8206442147493362,0.04041818268396693,0.20954804122447968,0.1478872150182724,0.7904519587755203,0.03893116054251002,
42,language_model.model.layers.7.feed_forward.w1,w1,mlp_in,7,0.0948465881132462,0.1251033354304772,4095,0.010850854218006134,0.00986394938081503,0.9891491457819939,0.09381742161255409,0.020760461688041687,0.01932363025844097,0.9792395383119583,0.09287752915447968,0.030032042413949966,0.028581202030181885,0.96996795758605,0.09199815135621074,0.03980548679828644,0.03766999766230583,0.9601945132017136,0.09107117350224186,0.058089885860681534,0.05541735887527466,0.9419101141393185,0.08933696063547265,0.07547341287136078,0.07267937809228897,0.9245265871286392,0.08768819240913527,
42,language_model.model.layers.8.attention.wqkv,wqkv,attn_in,8,0.03801255024131359,0.17087150544674237,4095,0.04736875370144844,0.016802189871668816,0.9526312462985516,0.036211943111368876,0.06812537461519241,0.03228126838803291,0.9318746253848076,0.03542293101604528,0.08693590760231018,0.04718746244907379,0.9130640923976898,0.03470789468580658,0.10523608326911926,0.06160738319158554,0.8947639167308807,0.034012258338847134,0.13707876205444336,0.08933288604021072,0.8629212379455566,0.03280183691170199,0.16836659610271454,0.11574572324752808,0.8316334038972855,0.031612506548000206,
42,language_model.model.layers.8.feed_forward.w1,w1,mlp_in,8,0.08949401496044997,0.1251033354304772,4095,0.01128144096583128,0.00973587203770876,0.9887185590341687,0.08848439351387843,0.020962128415703773,0.019051620736718178,0.9790378715842962,0.0876180299264121,0.030448652803897858,0.028179269284009933,0.9695513471961021,0.08676904277089238,0.04017362743616104,0.03715784475207329,0.959826372563839,0.08589871574566263,0.058566056191921234,0.054705120623111725,0.9414339438080788,0.08425270345143561,0.07482080906629562,0.07182223349809647,0.9251791909337044,0.08279800035451794,
42,language_model.model.layers.9.attention.wqkv,wqkv,attn_in,9,0.06351474106382403,0.17087150544674237,4095,0.049101199954748154,0.021998129785060883,0.9508988000452518,0.06039609106277515,0.07161165028810501,0.03944220766425133,0.928388349711895,0.05896634563862192,0.09178781509399414,0.05593939125537872,0.9082121849060059,0.057684861755314835,0.10940191149711609,0.07173627614974976,0.8905980885028839,0.056566106983197306,0.14324942231178284,0.1017279103398323,0.8567505776882172,0.054416291098148765,0.172825887799263,0.13004370033740997,0.827174112200737,0.05253774955112833,
42,language_model.model.layers.9.feed_forward.w1,w1,mlp_in,9,0.08149769852202328,0.1251033354304772,4095,0.01416721660643816,0.009891019202768803,0.9858327833935618,0.08034310297413558,0.02543639950454235,0.019318517297506332,0.9745636004954576,0.07942469050371634,0.03426452353596687,0.028540857136249542,0.9657354764640331,0.07870521871288828,0.04432692751288414,0.0375974141061306,0.9556730724871159,0.07788515594717067,0.062327925115823746,0.055299464613199234,0.9376720748841763,0.07641811607143063,0.08009591698646545,0.07252728193998337,0.9199040830135345,0.07497006562661532,
42,language_model.model.layers.9.feed_forward.w3,w3,mlp_in,9,0.1659395324739062,0.1251033354304772,4095,0.009535973891615868,0.009191910736262798,0.9904640261083841,0.16435713742464808,0.01909715123474598,0.018192531540989876,0.980902848765254,0.16277056012642896,0.02798144891858101,0.027040129527449608,0.972018551081419,0.16129630392241437,0.03684111684560776,0.03576880693435669,0.9631588831543922,0.1598261347687295,0.053854480385780334,0.05289875343441963,0.9461455196142197,0.15700294517706465,0.07063403725624084,0.06965135782957077,0.9293659627437592,0.15421855335486112,
42,language_model.model.layers.0.attention.wo,wo,attn_out,0,0.03056766884604187,0.1302539007265671,0,,,,,,,,,,,,,,,,,,,,,,,,,True
42,language_model.model.layers.1.attention.wo,wo,attn_out,1,0.07319234817679877,0.1302539007265671,0,,,,,,,,,,,,,,,,,,,,,,,,,True
42,language_model.model.layers.18.attention.wo,wo,attn_out,18,0.18679795420420714,0.1302539007265671,0,,,,,,,,,,,,,,,,,,,,,,,,,True
42,language_model.model.layers.19.attention.wo,wo,attn_out,19,0.15742413552461862,0.1302539007265671,0,,,,,,,,,,,,,,,,,,,,,,,,,True
42,language_model.model.layers.2.attention.wo,wo,attn_out,2,0.10664767930592466,0.1302539007265671,0,,,,,,,,,,,,,,,,,,,,,,,,,True
42,language_model.model.layers.23.attention.wo,wo,attn_out,23,0.16158414441266541,0.1302539007265671,0,,,,,,,,,,,,,,,,,,,,,,,,,True
42,language_model.model.layers.27.attention.wo,wo,attn_out,27,0.1308770662504896,0.1302539007265671,0,,,,,,,,,,,,,,,,,,,,,,,,,True
42,language_model.model.layers.28.attention.wo,wo,attn_out,28,0.14074130220058295,0.1302539007265671,0,,,,,,,,,,,,,,,,,,,,,,,,,True
42,language_model.model.layers.29.attention.wo,wo,attn_out,29,0.1123307053923464,0.1302539007265671,0,,,,,,,,,,,,,,,,,,,,,,,,,True
42,language_model.model.layers.3.attention.wo,wo,attn_out,3,0.12804033792948027,0.1302539007265671,0,,,,,,,,,,,,,,,,,,,,,,,,,True
42,language_model.model.layers.30.attention.wo,wo,attn_out,30,0.09593932040779027,0.1302539007265671,0,,,,,,,,,,,,,,,,,,,,,,,,,True
42,language_model.model.layers.31.attention.wo,wo,attn_out,31,0.05478160290476582,0.1302539007265671,0,,,,,,,,,,,,,,,,,,,,,,,,,True
42,language_model.model.layers.4.attention.wo,wo,attn_out,4,0.13543336097490474,0.1302539007265671,0,,,,,,,,,,,,,,,,,,,,,,,,,True
42,language_model.model.layers.5.attention.wo,wo,attn_out,5,0.18326241139814425,0.1302539007265671,0,,,,,,,,,,,,,,,,,,,,,,,,,True
42,language_model.model.layers.6.attention.wo,wo,attn_out,6,0.18542216529683164,0.1302539007265671,0,,,,,,,,,,,,,,,,,,,,,,,,,True
